ds,y,metric,instance
2025-08-18 11:15:00+00:00,9.36949152542373,node_network_transmit_packets_total,node-exporter-02.u-cloudsolutions.xyz
2025-08-18 11:16:00+00:00,9.36949152542373,node_network_transmit_packets_total,node-exporter-02.u-cloudsolutions.xyz
2025-08-18 11:17:00+00:00,9.36949152542373,node_network_transmit_packets_total,node-exporter-02.u-cloudsolutions.xyz
2025-08-18 11:18:00+00:00,9.36949152542373,node_network_transmit_packets_total,node-exporter-02.u-cloudsolutions.xyz
2025-08-18 11:19:00+00:00,9.36949152542373,node_network_transmit_packets_total,node-exporter-02.u-cloudsolutions.xyz
2025-08-18 11:20:00+00:00,9.36949152542373,node_network_transmit_packets_total,node-exporter-02.u-cloudsolutions.xyz
2025-08-18 11:21:00+00:00,9.271186440677964,node_network_transmit_packets_total,node-exporter-02.u-cloudsolutions.xyz
2025-08-18 11:22:00+00:00,9.271186440677964,node_network_transmit_packets_total,node-exporter-02.u-cloudsolutions.xyz
2025-08-18 11:23:00+00:00,9.264406779661016,node_network_transmit_packets_total,node-exporter-02.u-cloudsolutions.xyz
2025-08-18 11:24:00+00:00,9.36949152542373,node_network_transmit_packets_total,node-exporter-02.u-cloudsolutions.xyz
2025-08-18 11:25:00+00:00,9.372881355932202,node_network_transmit_packets_total,node-exporter-02.u-cloudsolutions.xyz
2025-08-18 11:26:00+00:00,9.376271186440675,node_network_transmit_packets_total,node-exporter-02.u-cloudsolutions.xyz
2025-08-18 11:27:00+00:00,9.379661016949152,node_network_transmit_packets_total,node-exporter-02.u-cloudsolutions.xyz
2025-08-18 11:28:00+00:00,9.379661016949152,node_network_transmit_packets_total,node-exporter-02.u-cloudsolutions.xyz
2025-08-18 11:29:00+00:00,9.277966101694917,node_network_transmit_packets_total,node-exporter-02.u-cloudsolutions.xyz
2025-08-18 11:30:00+00:00,9.27457627118644,node_network_transmit_packets_total,node-exporter-02.u-cloudsolutions.xyz
2025-08-18 11:31:00+00:00,9.27457627118644,node_network_transmit_packets_total,node-exporter-02.u-cloudsolutions.xyz
2025-08-18 11:32:00+00:00,9.26779661016949,node_network_transmit_packets_total,node-exporter-02.u-cloudsolutions.xyz
2025-08-18 11:33:00+00:00,9.261016949152545,node_network_transmit_packets_total,node-exporter-02.u-cloudsolutions.xyz
2025-08-18 11:34:00+00:00,9.25084745762712,node_network_transmit_packets_total,node-exporter-02.u-cloudsolutions.xyz
2025-08-18 11:35:00+00:00,9.342372881355931,node_network_transmit_packets_total,node-exporter-02.u-cloudsolutions.xyz
2025-08-18 11:36:00+00:00,9.342372881355931,node_network_transmit_packets_total,node-exporter-02.u-cloudsolutions.xyz
2025-08-18 11:37:00+00:00,9.338983050847457,node_network_transmit_packets_total,node-exporter-02.u-cloudsolutions.xyz
2025-08-18 11:38:00+00:00,9.34915254237288,node_network_transmit_packets_total,node-exporter-02.u-cloudsolutions.xyz
2025-08-18 11:39:00+00:00,9.352542372881356,node_network_transmit_packets_total,node-exporter-02.u-cloudsolutions.xyz
2025-08-18 11:40:00+00:00,9.25084745762712,node_network_transmit_packets_total,node-exporter-02.u-cloudsolutions.xyz
2025-08-18 11:41:00+00:00,9.261016949152545,node_network_transmit_packets_total,node-exporter-02.u-cloudsolutions.xyz
2025-08-18 11:42:00+00:00,9.264406779661016,node_network_transmit_packets_total,node-exporter-02.u-cloudsolutions.xyz
2025-08-18 11:43:00+00:00,9.261016949152545,node_network_transmit_packets_total,node-exporter-02.u-cloudsolutions.xyz
2025-08-18 11:44:00+00:00,9.254237288135592,node_network_transmit_packets_total,node-exporter-02.u-cloudsolutions.xyz
2025-08-18 11:45:00+00:00,9.342372881355931,node_network_transmit_packets_total,node-exporter-02.u-cloudsolutions.xyz
2025-08-18 11:46:00+00:00,9.345762711864406,node_network_transmit_packets_total,node-exporter-02.u-cloudsolutions.xyz
2025-08-18 11:47:00+00:00,9.347824507808332,node_network_transmit_packets_total,node-exporter-02.u-cloudsolutions.xyz
2025-08-18 11:48:00+00:00,9.349886303752255,node_network_transmit_packets_total,node-exporter-02.u-cloudsolutions.xyz
2025-08-18 11:49:00+00:00,9.35194809969618,node_network_transmit_packets_total,node-exporter-02.u-cloudsolutions.xyz
2025-08-18 11:50:00+00:00,9.33868807168843,node_network_transmit_packets_total,node-exporter-02.u-cloudsolutions.xyz
2025-08-18 11:51:00+00:00,9.325428043680681,node_network_transmit_packets_total,node-exporter-02.u-cloudsolutions.xyz
2025-08-18 11:52:00+00:00,9.312168015672931,node_network_transmit_packets_total,node-exporter-02.u-cloudsolutions.xyz
2025-08-18 11:53:00+00:00,9.298907987665181,node_network_transmit_packets_total,node-exporter-02.u-cloudsolutions.xyz
2025-08-18 11:54:00+00:00,9.285647959657432,node_network_transmit_packets_total,node-exporter-02.u-cloudsolutions.xyz
2025-08-18 11:55:00+00:00,9.282145354530762,node_network_transmit_packets_total,node-exporter-02.u-cloudsolutions.xyz
2025-08-18 11:56:00+00:00,9.27864274940409,node_network_transmit_packets_total,node-exporter-02.u-cloudsolutions.xyz
2025-08-18 11:57:00+00:00,9.27514014427742,node_network_transmit_packets_total,node-exporter-02.u-cloudsolutions.xyz
2025-08-18 11:58:00+00:00,9.271637539150749,node_network_transmit_packets_total,node-exporter-02.u-cloudsolutions.xyz
2025-08-18 11:59:00+00:00,9.26813493402408,node_network_transmit_packets_total,node-exporter-02.u-cloudsolutions.xyz
2025-08-18 12:00:00+00:00,9.26463232889741,node_network_transmit_packets_total,node-exporter-02.u-cloudsolutions.xyz
2025-08-18 12:01:00+00:00,9.261129723770738,node_network_transmit_packets_total,node-exporter-02.u-cloudsolutions.xyz
2025-08-18 12:02:00+00:00,9.257627118644068,node_network_transmit_packets_total,node-exporter-02.u-cloudsolutions.xyz
2025-08-18 12:03:00+00:00,9.254237288135592,node_network_transmit_packets_total,node-exporter-02.u-cloudsolutions.xyz
2025-08-18 12:04:00+00:00,9.261016949152545,node_network_transmit_packets_total,node-exporter-02.u-cloudsolutions.xyz
2025-08-18 12:05:00+00:00,9.27457627118644,node_network_transmit_packets_total,node-exporter-02.u-cloudsolutions.xyz
2025-08-18 12:06:00+00:00,9.27457627118644,node_network_transmit_packets_total,node-exporter-02.u-cloudsolutions.xyz
2025-08-18 12:07:00+00:00,9.277966101694917,node_network_transmit_packets_total,node-exporter-02.u-cloudsolutions.xyz
2025-08-18 12:08:00+00:00,9.27457627118644,node_network_transmit_packets_total,node-exporter-02.u-cloudsolutions.xyz
2025-08-18 12:09:00+00:00,9.264406779661016,node_network_transmit_packets_total,node-exporter-02.u-cloudsolutions.xyz
2025-08-18 12:10:00+00:00,9.254237288135592,node_network_transmit_packets_total,node-exporter-02.u-cloudsolutions.xyz
2025-08-18 12:11:00+00:00,9.257627118644068,node_network_transmit_packets_total,node-exporter-02.u-cloudsolutions.xyz
2025-08-18 12:12:00+00:00,9.261016949152545,node_network_transmit_packets_total,node-exporter-02.u-cloudsolutions.xyz
2025-08-18 12:13:00+00:00,9.264406779661016,node_network_transmit_packets_total,node-exporter-02.u-cloudsolutions.xyz
2025-08-18 12:14:00+00:00,9.26779661016949,node_network_transmit_packets_total,node-exporter-02.u-cloudsolutions.xyz
2025-08-18 12:15:00+00:00,9.27457627118644,node_network_transmit_packets_total,node-exporter-02.u-cloudsolutions.xyz
2025-08-18 12:16:00+00:00,9.26779661016949,node_network_transmit_packets_total,node-exporter-02.u-cloudsolutions.xyz
2025-08-18 12:17:00+00:00,9.36271186440678,node_network_transmit_packets_total,node-exporter-02.u-cloudsolutions.xyz
2025-08-18 12:18:00+00:00,9.36271186440678,node_network_transmit_packets_total,node-exporter-02.u-cloudsolutions.xyz
2025-08-18 12:19:00+00:00,9.464406779661015,node_network_transmit_packets_total,node-exporter-02.u-cloudsolutions.xyz
2025-08-18 12:20:00+00:00,9.464406779661015,node_network_transmit_packets_total,node-exporter-02.u-cloudsolutions.xyz
2025-08-18 12:21:00+00:00,9.464406779661015,node_network_transmit_packets_total,node-exporter-02.u-cloudsolutions.xyz
2025-08-18 12:22:00+00:00,9.464406779661015,node_network_transmit_packets_total,node-exporter-02.u-cloudsolutions.xyz
2025-08-18 12:23:00+00:00,9.467796610169492,node_network_transmit_packets_total,node-exporter-02.u-cloudsolutions.xyz
2025-08-18 12:24:00+00:00,9.467796610169492,node_network_transmit_packets_total,node-exporter-02.u-cloudsolutions.xyz
2025-08-18 12:25:00+00:00,9.467796610169492,node_network_transmit_packets_total,node-exporter-02.u-cloudsolutions.xyz
2025-08-18 12:26:00+00:00,9.467796610169492,node_network_transmit_packets_total,node-exporter-02.u-cloudsolutions.xyz
2025-08-18 12:27:00+00:00,9.467796610169492,node_network_transmit_packets_total,node-exporter-02.u-cloudsolutions.xyz
2025-08-18 12:28:00+00:00,9.467796610169492,node_network_transmit_packets_total,node-exporter-02.u-cloudsolutions.xyz
2025-08-18 12:29:00+00:00,9.366101694915256,node_network_transmit_packets_total,node-exporter-02.u-cloudsolutions.xyz
2025-08-18 12:30:00+00:00,9.366101694915256,node_network_transmit_packets_total,node-exporter-02.u-cloudsolutions.xyz
2025-08-18 12:31:00+00:00,9.264406779661016,node_network_transmit_packets_total,node-exporter-02.u-cloudsolutions.xyz
2025-08-18 12:32:00+00:00,9.264406779661016,node_network_transmit_packets_total,node-exporter-02.u-cloudsolutions.xyz
2025-08-18 12:33:00+00:00,9.264406779661016,node_network_transmit_packets_total,node-exporter-02.u-cloudsolutions.xyz
2025-08-18 12:34:00+00:00,9.257627118644068,node_network_transmit_packets_total,node-exporter-02.u-cloudsolutions.xyz
2025-08-18 12:35:00+00:00,9.25084745762712,node_network_transmit_packets_total,node-exporter-02.u-cloudsolutions.xyz
2025-08-18 12:36:00+00:00,9.25084745762712,node_network_transmit_packets_total,node-exporter-02.u-cloudsolutions.xyz
2025-08-18 12:37:00+00:00,9.24406779661017,node_network_transmit_packets_total,node-exporter-02.u-cloudsolutions.xyz
2025-08-18 12:38:00+00:00,9.240677966101694,node_network_transmit_packets_total,node-exporter-02.u-cloudsolutions.xyz
2025-08-18 12:39:00+00:00,9.247457627118644,node_network_transmit_packets_total,node-exporter-02.u-cloudsolutions.xyz
2025-08-18 12:40:00+00:00,9.359322033898303,node_network_transmit_packets_total,node-exporter-02.u-cloudsolutions.xyz
2025-08-18 12:41:00+00:00,9.359322033898303,node_network_transmit_packets_total,node-exporter-02.u-cloudsolutions.xyz
2025-08-18 12:42:00+00:00,9.36949152542373,node_network_transmit_packets_total,node-exporter-02.u-cloudsolutions.xyz
2025-08-18 12:43:00+00:00,9.372881355932202,node_network_transmit_packets_total,node-exporter-02.u-cloudsolutions.xyz
2025-08-18 12:44:00+00:00,9.277966101694917,node_network_transmit_packets_total,node-exporter-02.u-cloudsolutions.xyz
2025-08-18 12:45:00+00:00,9.264406779661016,node_network_transmit_packets_total,node-exporter-02.u-cloudsolutions.xyz
2025-08-18 12:46:00+00:00,9.261016949152545,node_network_transmit_packets_total,node-exporter-02.u-cloudsolutions.xyz
2025-08-18 12:47:00+00:00,9.254237288135592,node_network_transmit_packets_total,node-exporter-02.u-cloudsolutions.xyz
2025-08-18 12:48:00+00:00,9.257627118644068,node_network_transmit_packets_total,node-exporter-02.u-cloudsolutions.xyz
2025-08-18 12:49:00+00:00,9.257627118644068,node_network_transmit_packets_total,node-exporter-02.u-cloudsolutions.xyz
2025-08-18 12:50:00+00:00,9.26779661016949,node_network_transmit_packets_total,node-exporter-02.u-cloudsolutions.xyz
2025-08-18 12:51:00+00:00,9.271186440677964,node_network_transmit_packets_total,node-exporter-02.u-cloudsolutions.xyz
2025-08-18 12:52:00+00:00,9.28135593220339,node_network_transmit_packets_total,node-exporter-02.u-cloudsolutions.xyz
2025-08-18 12:53:00+00:00,9.291525423728814,node_network_transmit_packets_total,node-exporter-02.u-cloudsolutions.xyz
2025-08-18 12:54:00+00:00,9.28813559322034,node_network_transmit_packets_total,node-exporter-02.u-cloudsolutions.xyz
2025-08-18 12:55:00+00:00,9.284745762711864,node_network_transmit_packets_total,node-exporter-02.u-cloudsolutions.xyz
2025-08-18 12:56:00+00:00,9.284745762711864,node_network_transmit_packets_total,node-exporter-02.u-cloudsolutions.xyz
2025-08-18 12:57:00+00:00,9.28813559322034,node_network_transmit_packets_total,node-exporter-02.u-cloudsolutions.xyz
2025-08-18 12:58:00+00:00,9.291525423728814,node_network_transmit_packets_total,node-exporter-02.u-cloudsolutions.xyz
2025-08-18 12:59:00+00:00,9.284745762711864,node_network_transmit_packets_total,node-exporter-02.u-cloudsolutions.xyz
2025-08-18 13:00:00+00:00,9.28135593220339,node_network_transmit_packets_total,node-exporter-02.u-cloudsolutions.xyz
2025-08-18 13:01:00+00:00,9.277966101694917,node_network_transmit_packets_total,node-exporter-02.u-cloudsolutions.xyz
2025-08-18 13:02:00+00:00,9.27457627118644,node_network_transmit_packets_total,node-exporter-02.u-cloudsolutions.xyz
2025-08-18 13:03:00+00:00,9.31864406779661,node_network_transmit_packets_total,node-exporter-02.u-cloudsolutions.xyz
2025-08-18 13:04:00+00:00,9.315254237288135,node_network_transmit_packets_total,node-exporter-02.u-cloudsolutions.xyz
2025-08-18 13:05:00+00:00,9.31186440677966,node_network_transmit_packets_total,node-exporter-02.u-cloudsolutions.xyz
2025-08-18 13:06:00+00:00,9.308474576271186,node_network_transmit_packets_total,node-exporter-02.u-cloudsolutions.xyz
2025-08-18 13:07:00+00:00,9.305084745762713,node_network_transmit_packets_total,node-exporter-02.u-cloudsolutions.xyz
2025-08-18 13:08:00+00:00,9.254237288135592,node_network_transmit_packets_total,node-exporter-02.u-cloudsolutions.xyz
2025-08-18 13:09:00+00:00,9.25084745762712,node_network_transmit_packets_total,node-exporter-02.u-cloudsolutions.xyz
2025-08-18 13:10:00+00:00,9.247457627118644,node_network_transmit_packets_total,node-exporter-02.u-cloudsolutions.xyz
2025-08-18 13:11:00+00:00,9.352542372881356,node_network_transmit_packets_total,node-exporter-02.u-cloudsolutions.xyz
2025-08-18 13:12:00+00:00,9.36271186440678,node_network_transmit_packets_total,node-exporter-02.u-cloudsolutions.xyz
2025-08-18 13:13:00+00:00,9.36271186440678,node_network_transmit_packets_total,node-exporter-02.u-cloudsolutions.xyz
2025-08-18 13:14:00+00:00,9.366101694915256,node_network_transmit_packets_total,node-exporter-02.u-cloudsolutions.xyz
2025-08-18 13:15:00+00:00,9.36949152542373,node_network_transmit_packets_total,node-exporter-02.u-cloudsolutions.xyz
2025-08-18 13:16:00+00:00,9.264406779661016,node_network_transmit_packets_total,node-exporter-02.u-cloudsolutions.xyz
2025-08-18 13:17:00+00:00,9.257627118644068,node_network_transmit_packets_total,node-exporter-02.u-cloudsolutions.xyz
2025-08-18 13:18:00+00:00,9.257627118644068,node_network_transmit_packets_total,node-exporter-02.u-cloudsolutions.xyz
2025-08-18 13:19:00+00:00,9.264406779661016,node_network_transmit_packets_total,node-exporter-02.u-cloudsolutions.xyz
2025-08-18 13:20:00+00:00,9.271186440677964,node_network_transmit_packets_total,node-exporter-02.u-cloudsolutions.xyz
2025-08-18 13:21:00+00:00,9.264406779661016,node_network_transmit_packets_total,node-exporter-02.u-cloudsolutions.xyz
2025-08-18 13:22:00+00:00,9.264406779661016,node_network_transmit_packets_total,node-exporter-02.u-cloudsolutions.xyz
2025-08-18 13:23:00+00:00,9.271186440677964,node_network_transmit_packets_total,node-exporter-02.u-cloudsolutions.xyz
2025-08-18 13:24:00+00:00,9.271186440677964,node_network_transmit_packets_total,node-exporter-02.u-cloudsolutions.xyz
2025-08-18 13:25:00+00:00,9.271186440677964,node_network_transmit_packets_total,node-exporter-02.u-cloudsolutions.xyz
2025-08-18 13:26:00+00:00,9.26779661016949,node_network_transmit_packets_total,node-exporter-02.u-cloudsolutions.xyz
2025-08-18 13:27:00+00:00,9.271186440677964,node_network_transmit_packets_total,node-exporter-02.u-cloudsolutions.xyz
2025-08-18 13:28:00+00:00,9.271186440677964,node_network_transmit_packets_total,node-exporter-02.u-cloudsolutions.xyz
2025-08-18 13:29:00+00:00,9.271186440677964,node_network_transmit_packets_total,node-exporter-02.u-cloudsolutions.xyz
2025-08-18 13:30:00+00:00,9.26779661016949,node_network_transmit_packets_total,node-exporter-02.u-cloudsolutions.xyz
2025-08-18 13:31:00+00:00,9.261016949152545,node_network_transmit_packets_total,node-exporter-02.u-cloudsolutions.xyz
2025-08-18 13:32:00+00:00,9.257627118644068,node_network_transmit_packets_total,node-exporter-02.u-cloudsolutions.xyz
2025-08-18 13:33:00+00:00,9.254237288135592,node_network_transmit_packets_total,node-exporter-02.u-cloudsolutions.xyz
2025-08-18 13:34:00+00:00,9.247457627118644,node_network_transmit_packets_total,node-exporter-02.u-cloudsolutions.xyz
2025-08-18 13:35:00+00:00,9.247457627118644,node_network_transmit_packets_total,node-exporter-02.u-cloudsolutions.xyz
2025-08-18 13:36:00+00:00,9.247457627118644,node_network_transmit_packets_total,node-exporter-02.u-cloudsolutions.xyz
2025-08-18 13:37:00+00:00,9.254237288135592,node_network_transmit_packets_total,node-exporter-02.u-cloudsolutions.xyz
2025-08-18 13:38:00+00:00,9.257627118644068,node_network_transmit_packets_total,node-exporter-02.u-cloudsolutions.xyz
2025-08-18 13:39:00+00:00,9.257627118644068,node_network_transmit_packets_total,node-exporter-02.u-cloudsolutions.xyz
2025-08-18 13:40:00+00:00,9.254237288135592,node_network_transmit_packets_total,node-exporter-02.u-cloudsolutions.xyz
2025-08-18 13:41:00+00:00,9.257627118644068,node_network_transmit_packets_total,node-exporter-02.u-cloudsolutions.xyz
2025-08-18 13:42:00+00:00,9.25084745762712,node_network_transmit_packets_total,node-exporter-02.u-cloudsolutions.xyz
2025-08-18 13:43:00+00:00,9.247457627118644,node_network_transmit_packets_total,node-exporter-02.u-cloudsolutions.xyz
2025-08-18 13:44:00+00:00,9.25084745762712,node_network_transmit_packets_total,node-exporter-02.u-cloudsolutions.xyz
2025-08-18 13:45:00+00:00,9.25084745762712,node_network_transmit_packets_total,node-exporter-02.u-cloudsolutions.xyz
2025-08-18 13:46:00+00:00,9.247457627118644,node_network_transmit_packets_total,node-exporter-02.u-cloudsolutions.xyz
2025-08-18 13:47:00+00:00,9.24406779661017,node_network_transmit_packets_total,node-exporter-02.u-cloudsolutions.xyz
2025-08-18 13:48:00+00:00,9.240677966101694,node_network_transmit_packets_total,node-exporter-02.u-cloudsolutions.xyz
2025-08-18 13:49:00+00:00,9.233898305084743,node_network_transmit_packets_total,node-exporter-02.u-cloudsolutions.xyz
2025-08-18 13:50:00+00:00,9.233898305084743,node_network_transmit_packets_total,node-exporter-02.u-cloudsolutions.xyz
2025-08-18 13:51:00+00:00,9.240677966101694,node_network_transmit_packets_total,node-exporter-02.u-cloudsolutions.xyz
2025-08-18 13:52:00+00:00,9.352542372881356,node_network_transmit_packets_total,node-exporter-02.u-cloudsolutions.xyz
2025-08-18 13:53:00+00:00,9.36271186440678,node_network_transmit_packets_total,node-exporter-02.u-cloudsolutions.xyz
2025-08-18 13:54:00+00:00,9.471186440677966,node_network_transmit_packets_total,node-exporter-02.u-cloudsolutions.xyz
2025-08-18 13:55:00+00:00,9.484745762711864,node_network_transmit_packets_total,node-exporter-02.u-cloudsolutions.xyz
2025-08-18 13:56:00+00:00,9.481355932203389,node_network_transmit_packets_total,node-exporter-02.u-cloudsolutions.xyz
2025-08-18 13:57:00+00:00,9.477966101694914,node_network_transmit_packets_total,node-exporter-02.u-cloudsolutions.xyz
2025-08-18 13:58:00+00:00,9.47457627118644,node_network_transmit_packets_total,node-exporter-02.u-cloudsolutions.xyz
2025-08-18 13:59:00+00:00,9.36271186440678,node_network_transmit_packets_total,node-exporter-02.u-cloudsolutions.xyz
2025-08-18 14:00:00+00:00,9.366101694915256,node_network_transmit_packets_total,node-exporter-02.u-cloudsolutions.xyz
2025-08-18 14:01:00+00:00,9.264406779661016,node_network_transmit_packets_total,node-exporter-02.u-cloudsolutions.xyz
2025-08-18 14:02:00+00:00,9.271186440677964,node_network_transmit_packets_total,node-exporter-02.u-cloudsolutions.xyz
2025-08-18 14:03:00+00:00,9.277966101694917,node_network_transmit_packets_total,node-exporter-02.u-cloudsolutions.xyz
2025-08-18 14:04:00+00:00,9.284745762711864,node_network_transmit_packets_total,node-exporter-02.u-cloudsolutions.xyz
2025-08-18 14:05:00+00:00,9.291525423728814,node_network_transmit_packets_total,node-exporter-02.u-cloudsolutions.xyz
2025-08-18 14:06:00+00:00,9.28813559322034,node_network_transmit_packets_total,node-exporter-02.u-cloudsolutions.xyz
2025-08-18 14:07:00+00:00,9.277966101694917,node_network_transmit_packets_total,node-exporter-02.u-cloudsolutions.xyz
2025-08-18 14:08:00+00:00,9.264406779661016,node_network_transmit_packets_total,node-exporter-02.u-cloudsolutions.xyz
2025-08-18 14:09:00+00:00,9.257627118644068,node_network_transmit_packets_total,node-exporter-02.u-cloudsolutions.xyz
2025-08-18 14:10:00+00:00,9.247457627118644,node_network_transmit_packets_total,node-exporter-02.u-cloudsolutions.xyz
2025-08-18 14:11:00+00:00,9.261016949152545,node_network_transmit_packets_total,node-exporter-02.u-cloudsolutions.xyz
2025-08-18 14:12:00+00:00,9.264406779661016,node_network_transmit_packets_total,node-exporter-02.u-cloudsolutions.xyz
2025-08-18 14:13:00+00:00,9.28135593220339,node_network_transmit_packets_total,node-exporter-02.u-cloudsolutions.xyz
2025-08-18 14:14:00+00:00,9.481355932203387,node_network_transmit_packets_total,node-exporter-02.u-cloudsolutions.xyz
2025-08-18 14:15:00+00:00,9.491525423728811,node_network_transmit_packets_total,node-exporter-02.u-cloudsolutions.xyz
2025-08-18 14:16:00+00:00,9.477966101694914,node_network_transmit_packets_total,node-exporter-02.u-cloudsolutions.xyz
2025-08-18 14:17:00+00:00,9.446327683615818,node_network_transmit_packets_total,node-exporter-02.u-cloudsolutions.xyz
2025-08-18 14:18:00+00:00,9.414689265536724,node_network_transmit_packets_total,node-exporter-02.u-cloudsolutions.xyz
2025-08-18 14:19:00+00:00,9.383050847457628,node_network_transmit_packets_total,node-exporter-02.u-cloudsolutions.xyz
2025-08-18 14:20:00+00:00,9.389830508474576,node_network_transmit_packets_total,node-exporter-02.u-cloudsolutions.xyz
2025-08-18 14:21:00+00:00,9.396610169491526,node_network_transmit_packets_total,node-exporter-02.u-cloudsolutions.xyz
2025-08-18 14:22:00+00:00,9.383050847457628,node_network_transmit_packets_total,node-exporter-02.u-cloudsolutions.xyz
2025-08-18 14:23:00+00:00,9.376271186440675,node_network_transmit_packets_total,node-exporter-02.u-cloudsolutions.xyz
2025-08-18 14:24:00+00:00,9.372881355932202,node_network_transmit_packets_total,node-exporter-02.u-cloudsolutions.xyz
2025-08-18 14:25:00+00:00,9.366101694915256,node_network_transmit_packets_total,node-exporter-02.u-cloudsolutions.xyz
2025-08-18 14:26:00+00:00,9.36271186440678,node_network_transmit_packets_total,node-exporter-02.u-cloudsolutions.xyz
2025-08-18 14:27:00+00:00,9.366101694915256,node_network_transmit_packets_total,node-exporter-02.u-cloudsolutions.xyz
2025-08-18 14:28:00+00:00,9.366101694915256,node_network_transmit_packets_total,node-exporter-02.u-cloudsolutions.xyz
2025-08-18 14:29:00+00:00,9.366101694915256,node_network_transmit_packets_total,node-exporter-02.u-cloudsolutions.xyz
2025-08-18 14:30:00+00:00,9.467796610169492,node_network_transmit_packets_total,node-exporter-02.u-cloudsolutions.xyz
2025-08-18 14:31:00+00:00,9.366101694915256,node_network_transmit_packets_total,node-exporter-02.u-cloudsolutions.xyz
2025-08-18 14:32:00+00:00,9.36271186440678,node_network_transmit_packets_total,node-exporter-02.u-cloudsolutions.xyz
2025-08-18 14:33:00+00:00,9.454237288135593,node_network_transmit_packets_total,node-exporter-02.u-cloudsolutions.xyz
2025-08-18 14:34:00+00:00,9.461016949152542,node_network_transmit_packets_total,node-exporter-02.u-cloudsolutions.xyz
2025-08-18 14:35:00+00:00,9.35593220338983,node_network_transmit_packets_total,node-exporter-02.u-cloudsolutions.xyz
2025-08-18 14:36:00+00:00,9.34915254237288,node_network_transmit_packets_total,node-exporter-02.u-cloudsolutions.xyz
2025-08-18 14:37:00+00:00,9.352542372881356,node_network_transmit_packets_total,node-exporter-02.u-cloudsolutions.xyz
2025-08-18 14:38:00+00:00,9.342372881355931,node_network_transmit_packets_total,node-exporter-02.u-cloudsolutions.xyz
2025-08-18 14:39:00+00:00,9.332203389830507,node_network_transmit_packets_total,node-exporter-02.u-cloudsolutions.xyz
2025-08-18 14:40:00+00:00,9.335593220338982,node_network_transmit_packets_total,node-exporter-02.u-cloudsolutions.xyz
2025-08-18 14:41:00+00:00,9.328813559322034,node_network_transmit_packets_total,node-exporter-02.u-cloudsolutions.xyz
2025-08-18 14:42:00+00:00,9.440677966101696,node_network_transmit_packets_total,node-exporter-02.u-cloudsolutions.xyz
2025-08-18 14:43:00+00:00,9.345762711864406,node_network_transmit_packets_total,node-exporter-02.u-cloudsolutions.xyz
2025-08-18 14:44:00+00:00,9.35593220338983,node_network_transmit_packets_total,node-exporter-02.u-cloudsolutions.xyz
2025-08-18 14:45:00+00:00,9.36271186440678,node_network_transmit_packets_total,node-exporter-02.u-cloudsolutions.xyz
2025-08-18 14:46:00+00:00,9.366101694915256,node_network_transmit_packets_total,node-exporter-02.u-cloudsolutions.xyz
2025-08-18 14:47:00+00:00,9.261016949152545,node_network_transmit_packets_total,node-exporter-02.u-cloudsolutions.xyz
2025-08-18 14:48:00+00:00,9.254237288135592,node_network_transmit_packets_total,node-exporter-02.u-cloudsolutions.xyz
2025-08-18 14:49:00+00:00,9.247457627118644,node_network_transmit_packets_total,node-exporter-02.u-cloudsolutions.xyz
2025-08-18 14:50:00+00:00,9.240677966101694,node_network_transmit_packets_total,node-exporter-02.u-cloudsolutions.xyz
2025-08-18 14:51:00+00:00,9.24406779661017,node_network_transmit_packets_total,node-exporter-02.u-cloudsolutions.xyz
2025-08-18 14:52:00+00:00,9.247457627118644,node_network_transmit_packets_total,node-exporter-02.u-cloudsolutions.xyz
2025-08-18 14:53:00+00:00,9.261016949152545,node_network_transmit_packets_total,node-exporter-02.u-cloudsolutions.xyz
2025-08-18 14:54:00+00:00,9.27457627118644,node_network_transmit_packets_total,node-exporter-02.u-cloudsolutions.xyz
2025-08-18 14:55:00+00:00,9.28813559322034,node_network_transmit_packets_total,node-exporter-02.u-cloudsolutions.xyz
2025-08-18 14:56:00+00:00,9.301694915254236,node_network_transmit_packets_total,node-exporter-02.u-cloudsolutions.xyz
2025-08-18 14:57:00+00:00,9.298305084745762,node_network_transmit_packets_total,node-exporter-02.u-cloudsolutions.xyz
2025-08-18 14:58:00+00:00,9.291525423728814,node_network_transmit_packets_total,node-exporter-02.u-cloudsolutions.xyz
2025-08-18 14:59:00+00:00,9.28135593220339,node_network_transmit_packets_total,node-exporter-02.u-cloudsolutions.xyz
2025-08-18 15:00:00+00:00,9.277966101694917,node_network_transmit_packets_total,node-exporter-02.u-cloudsolutions.xyz
2025-08-18 15:01:00+00:00,9.271186440677964,node_network_transmit_packets_total,node-exporter-02.u-cloudsolutions.xyz
2025-08-18 15:02:00+00:00,9.26779661016949,node_network_transmit_packets_total,node-exporter-02.u-cloudsolutions.xyz
2025-08-18 15:03:00+00:00,9.271186440677964,node_network_transmit_packets_total,node-exporter-02.u-cloudsolutions.xyz
2025-08-18 15:04:00+00:00,9.26779661016949,node_network_transmit_packets_total,node-exporter-02.u-cloudsolutions.xyz
2025-08-18 15:05:00+00:00,9.26779661016949,node_network_transmit_packets_total,node-exporter-02.u-cloudsolutions.xyz
2025-08-18 15:06:00+00:00,9.26779661016949,node_network_transmit_packets_total,node-exporter-02.u-cloudsolutions.xyz
2025-08-18 15:07:00+00:00,9.26779661016949,node_network_transmit_packets_total,node-exporter-02.u-cloudsolutions.xyz
2025-08-18 15:08:00+00:00,9.27457627118644,node_network_transmit_packets_total,node-exporter-02.u-cloudsolutions.xyz
2025-08-18 15:09:00+00:00,9.28135593220339,node_network_transmit_packets_total,node-exporter-02.u-cloudsolutions.xyz
2025-08-18 15:10:00+00:00,9.284745762711864,node_network_transmit_packets_total,node-exporter-02.u-cloudsolutions.xyz
2025-08-18 15:11:00+00:00,9.294915254237289,node_network_transmit_packets_total,node-exporter-02.u-cloudsolutions.xyz
2025-08-18 15:12:00+00:00,9.301694915254236,node_network_transmit_packets_total,node-exporter-02.u-cloudsolutions.xyz
2025-08-18 15:13:00+00:00,9.315254237288135,node_network_transmit_packets_total,node-exporter-02.u-cloudsolutions.xyz
2025-08-18 15:14:00+00:00,9.305084745762713,node_network_transmit_packets_total,node-exporter-02.u-cloudsolutions.xyz
2025-08-18 15:15:00+00:00,9.305084745762713,node_network_transmit_packets_total,node-exporter-02.u-cloudsolutions.xyz
2025-08-18 15:16:00+00:00,9.298305084745762,node_network_transmit_packets_total,node-exporter-02.u-cloudsolutions.xyz
2025-08-18 15:17:00+00:00,9.298305084745762,node_network_transmit_packets_total,node-exporter-02.u-cloudsolutions.xyz
2025-08-18 15:18:00+00:00,9.277966101694917,node_network_transmit_packets_total,node-exporter-02.u-cloudsolutions.xyz
2025-08-18 15:19:00+00:00,9.277966101694917,node_network_transmit_packets_total,node-exporter-02.u-cloudsolutions.xyz
2025-08-18 15:20:00+00:00,9.271186440677964,node_network_transmit_packets_total,node-exporter-02.u-cloudsolutions.xyz
2025-08-18 15:21:00+00:00,9.264406779661016,node_network_transmit_packets_total,node-exporter-02.u-cloudsolutions.xyz
2025-08-18 15:22:00+00:00,9.261016949152545,node_network_transmit_packets_total,node-exporter-02.u-cloudsolutions.xyz
2025-08-18 15:23:00+00:00,9.264406779661016,node_network_transmit_packets_total,node-exporter-02.u-cloudsolutions.xyz
2025-08-18 15:24:00+00:00,9.26779661016949,node_network_transmit_packets_total,node-exporter-02.u-cloudsolutions.xyz
2025-08-18 15:25:00+00:00,9.271186440677964,node_network_transmit_packets_total,node-exporter-02.u-cloudsolutions.xyz
2025-08-18 15:26:00+00:00,9.27457627118644,node_network_transmit_packets_total,node-exporter-02.u-cloudsolutions.xyz
2025-08-18 15:27:00+00:00,9.284745762711864,node_network_transmit_packets_total,node-exporter-02.u-cloudsolutions.xyz
2025-08-18 15:28:00+00:00,9.27457627118644,node_network_transmit_packets_total,node-exporter-02.u-cloudsolutions.xyz
2025-08-18 15:29:00+00:00,9.27457627118644,node_network_transmit_packets_total,node-exporter-02.u-cloudsolutions.xyz
2025-08-18 15:30:00+00:00,9.27457627118644,node_network_transmit_packets_total,node-exporter-02.u-cloudsolutions.xyz
2025-08-18 15:31:00+00:00,9.27457627118644,node_network_transmit_packets_total,node-exporter-02.u-cloudsolutions.xyz
2025-08-18 15:32:00+00:00,9.26779661016949,node_network_transmit_packets_total,node-exporter-02.u-cloudsolutions.xyz
2025-08-18 15:33:00+00:00,9.26779661016949,node_network_transmit_packets_total,node-exporter-02.u-cloudsolutions.xyz
2025-08-18 15:34:00+00:00,9.26779661016949,node_network_transmit_packets_total,node-exporter-02.u-cloudsolutions.xyz
2025-08-18 15:35:00+00:00,9.26779661016949,node_network_transmit_packets_total,node-exporter-02.u-cloudsolutions.xyz
2025-08-18 15:36:00+00:00,9.26779661016949,node_network_transmit_packets_total,node-exporter-02.u-cloudsolutions.xyz
2025-08-18 15:37:00+00:00,9.26779661016949,node_network_transmit_packets_total,node-exporter-02.u-cloudsolutions.xyz
2025-08-18 15:38:00+00:00,9.27457627118644,node_network_transmit_packets_total,node-exporter-02.u-cloudsolutions.xyz
2025-08-18 15:39:00+00:00,9.26779661016949,node_network_transmit_packets_total,node-exporter-02.u-cloudsolutions.xyz
2025-08-18 15:40:00+00:00,9.271186440677964,node_network_transmit_packets_total,node-exporter-02.u-cloudsolutions.xyz
2025-08-18 15:41:00+00:00,9.264406779661016,node_network_transmit_packets_total,node-exporter-02.u-cloudsolutions.xyz
2025-08-18 15:42:00+00:00,9.264406779661016,node_network_transmit_packets_total,node-exporter-02.u-cloudsolutions.xyz
2025-08-18 15:43:00+00:00,9.26779661016949,node_network_transmit_packets_total,node-exporter-02.u-cloudsolutions.xyz
2025-08-18 15:44:00+00:00,9.257627118644068,node_network_transmit_packets_total,node-exporter-02.u-cloudsolutions.xyz
2025-08-18 15:45:00+00:00,9.257627118644068,node_network_transmit_packets_total,node-exporter-02.u-cloudsolutions.xyz
2025-08-18 15:46:00+00:00,9.257627118644068,node_network_transmit_packets_total,node-exporter-02.u-cloudsolutions.xyz
2025-08-18 15:47:00+00:00,9.257627118644068,node_network_transmit_packets_total,node-exporter-02.u-cloudsolutions.xyz
2025-08-18 15:48:00+00:00,9.36271186440678,node_network_transmit_packets_total,node-exporter-02.u-cloudsolutions.xyz
2025-08-18 15:49:00+00:00,9.34915254237288,node_network_transmit_packets_total,node-exporter-02.u-cloudsolutions.xyz
2025-08-18 15:50:00+00:00,9.342372881355931,node_network_transmit_packets_total,node-exporter-02.u-cloudsolutions.xyz
2025-08-18 15:51:00+00:00,9.335593220338982,node_network_transmit_packets_total,node-exporter-02.u-cloudsolutions.xyz
2025-08-18 15:52:00+00:00,9.328813559322034,node_network_transmit_packets_total,node-exporter-02.u-cloudsolutions.xyz
2025-08-18 15:53:00+00:00,9.233898305084743,node_network_transmit_packets_total,node-exporter-02.u-cloudsolutions.xyz
2025-08-18 15:54:00+00:00,9.240677966101694,node_network_transmit_packets_total,node-exporter-02.u-cloudsolutions.xyz
2025-08-18 15:55:00+00:00,9.25084745762712,node_network_transmit_packets_total,node-exporter-02.u-cloudsolutions.xyz
2025-08-18 15:56:00+00:00,9.261016949152545,node_network_transmit_packets_total,node-exporter-02.u-cloudsolutions.xyz
2025-08-18 15:57:00+00:00,9.264406779661016,node_network_transmit_packets_total,node-exporter-02.u-cloudsolutions.xyz
2025-08-18 15:58:00+00:00,9.376271186440675,node_network_transmit_packets_total,node-exporter-02.u-cloudsolutions.xyz
2025-08-18 15:59:00+00:00,9.39322033898305,node_network_transmit_packets_total,node-exporter-02.u-cloudsolutions.xyz
2025-08-18 16:00:00+00:00,9.3864406779661,node_network_transmit_packets_total,node-exporter-02.u-cloudsolutions.xyz
2025-08-18 16:01:00+00:00,9.379661016949152,node_network_transmit_packets_total,node-exporter-02.u-cloudsolutions.xyz
2025-08-18 16:02:00+00:00,9.379661016949152,node_network_transmit_packets_total,node-exporter-02.u-cloudsolutions.xyz
2025-08-18 16:03:00+00:00,9.27457627118644,node_network_transmit_packets_total,node-exporter-02.u-cloudsolutions.xyz
2025-08-18 16:04:00+00:00,9.345762711864406,node_network_transmit_packets_total,node-exporter-02.u-cloudsolutions.xyz
2025-08-18 16:05:00+00:00,9.34915254237288,node_network_transmit_packets_total,node-exporter-02.u-cloudsolutions.xyz
2025-08-18 16:06:00+00:00,9.477966101694914,node_network_transmit_packets_total,node-exporter-02.u-cloudsolutions.xyz
2025-08-18 16:07:00+00:00,9.47050847457627,node_network_transmit_packets_total,node-exporter-02.u-cloudsolutions.xyz
2025-08-18 16:08:00+00:00,9.463050847457627,node_network_transmit_packets_total,node-exporter-02.u-cloudsolutions.xyz
2025-08-18 16:09:00+00:00,9.455593220338983,node_network_transmit_packets_total,node-exporter-02.u-cloudsolutions.xyz
2025-08-18 16:10:00+00:00,9.44813559322034,node_network_transmit_packets_total,node-exporter-02.u-cloudsolutions.xyz
2025-08-18 16:11:00+00:00,9.440677966101696,node_network_transmit_packets_total,node-exporter-02.u-cloudsolutions.xyz
2025-08-18 16:12:00+00:00,9.379661016949152,node_network_transmit_packets_total,node-exporter-02.u-cloudsolutions.xyz
2025-08-18 16:13:00+00:00,9.383050847457628,node_network_transmit_packets_total,node-exporter-02.u-cloudsolutions.xyz
2025-08-18 16:14:00+00:00,9.389830508474576,node_network_transmit_packets_total,node-exporter-02.u-cloudsolutions.xyz
2025-08-18 16:15:00+00:00,9.389830508474576,node_network_transmit_packets_total,node-exporter-02.u-cloudsolutions.xyz
2025-08-18 16:16:00+00:00,9.3864406779661,node_network_transmit_packets_total,node-exporter-02.u-cloudsolutions.xyz
2025-08-18 16:17:00+00:00,9.488135593220338,node_network_transmit_packets_total,node-exporter-02.u-cloudsolutions.xyz
2025-08-18 16:18:00+00:00,9.484745762711864,node_network_transmit_packets_total,node-exporter-02.u-cloudsolutions.xyz
2025-08-18 16:19:00+00:00,9.477966101694914,node_network_transmit_packets_total,node-exporter-02.u-cloudsolutions.xyz
2025-08-18 16:20:00+00:00,9.484745762711864,node_network_transmit_packets_total,node-exporter-02.u-cloudsolutions.xyz
2025-08-18 16:21:00+00:00,9.491525423728813,node_network_transmit_packets_total,node-exporter-02.u-cloudsolutions.xyz
2025-08-18 16:22:00+00:00,9.498305084745764,node_network_transmit_packets_total,node-exporter-02.u-cloudsolutions.xyz
2025-08-18 16:23:00+00:00,9.505084745762712,node_network_transmit_packets_total,node-exporter-02.u-cloudsolutions.xyz
2025-08-18 16:24:00+00:00,9.4,node_network_transmit_packets_total,node-exporter-02.u-cloudsolutions.xyz
2025-08-18 16:25:00+00:00,9.39322033898305,node_network_transmit_packets_total,node-exporter-02.u-cloudsolutions.xyz
2025-08-18 16:26:00+00:00,9.284745762711864,node_network_transmit_packets_total,node-exporter-02.u-cloudsolutions.xyz
2025-08-18 16:27:00+00:00,9.277966101694917,node_network_transmit_packets_total,node-exporter-02.u-cloudsolutions.xyz
2025-08-18 16:28:00+00:00,9.27457627118644,node_network_transmit_packets_total,node-exporter-02.u-cloudsolutions.xyz
2025-08-18 16:29:00+00:00,9.271186440677964,node_network_transmit_packets_total,node-exporter-02.u-cloudsolutions.xyz
2025-08-18 16:30:00+00:00,9.271186440677964,node_network_transmit_packets_total,node-exporter-02.u-cloudsolutions.xyz
2025-08-18 16:31:00+00:00,9.26779661016949,node_network_transmit_packets_total,node-exporter-02.u-cloudsolutions.xyz
2025-08-18 16:32:00+00:00,9.372881355932202,node_network_transmit_packets_total,node-exporter-02.u-cloudsolutions.xyz
2025-08-18 16:33:00+00:00,9.36949152542373,node_network_transmit_packets_total,node-exporter-02.u-cloudsolutions.xyz
2025-08-18 16:34:00+00:00,9.372881355932202,node_network_transmit_packets_total,node-exporter-02.u-cloudsolutions.xyz
2025-08-18 16:35:00+00:00,9.372881355932202,node_network_transmit_packets_total,node-exporter-02.u-cloudsolutions.xyz
2025-08-18 16:36:00+00:00,9.372881355932202,node_network_transmit_packets_total,node-exporter-02.u-cloudsolutions.xyz
2025-08-18 16:37:00+00:00,9.271186440677964,node_network_transmit_packets_total,node-exporter-02.u-cloudsolutions.xyz
2025-08-18 16:38:00+00:00,9.271186440677964,node_network_transmit_packets_total,node-exporter-02.u-cloudsolutions.xyz
2025-08-18 16:39:00+00:00,9.264406779661016,node_network_transmit_packets_total,node-exporter-02.u-cloudsolutions.xyz
2025-08-18 16:40:00+00:00,9.47457627118644,node_network_transmit_packets_total,node-exporter-02.u-cloudsolutions.xyz
2025-08-18 16:41:00+00:00,9.481355932203387,node_network_transmit_packets_total,node-exporter-02.u-cloudsolutions.xyz
2025-08-18 16:42:00+00:00,9.488135593220338,node_network_transmit_packets_total,node-exporter-02.u-cloudsolutions.xyz
2025-08-18 16:43:00+00:00,9.494915254237288,node_network_transmit_packets_total,node-exporter-02.u-cloudsolutions.xyz
2025-08-18 16:44:00+00:00,9.505084745762712,node_network_transmit_packets_total,node-exporter-02.u-cloudsolutions.xyz
2025-08-18 16:45:00+00:00,9.305084745762713,node_network_transmit_packets_total,node-exporter-02.u-cloudsolutions.xyz
2025-08-18 16:46:00+00:00,9.315254237288135,node_network_transmit_packets_total,node-exporter-02.u-cloudsolutions.xyz
2025-08-18 16:47:00+00:00,9.322033898305085,node_network_transmit_packets_total,node-exporter-02.u-cloudsolutions.xyz
2025-08-18 16:48:00+00:00,9.328813559322034,node_network_transmit_packets_total,node-exporter-02.u-cloudsolutions.xyz
2025-08-18 16:49:00+00:00,9.335593220338982,node_network_transmit_packets_total,node-exporter-02.u-cloudsolutions.xyz
2025-08-18 16:50:00+00:00,9.322033898305085,node_network_transmit_packets_total,node-exporter-02.u-cloudsolutions.xyz
2025-08-18 16:51:00+00:00,9.31186440677966,node_network_transmit_packets_total,node-exporter-02.u-cloudsolutions.xyz
2025-08-18 16:52:00+00:00,9.301694915254236,node_network_transmit_packets_total,node-exporter-02.u-cloudsolutions.xyz
2025-08-18 16:53:00+00:00,9.291525423728814,node_network_transmit_packets_total,node-exporter-02.u-cloudsolutions.xyz
2025-08-18 16:54:00+00:00,9.28813559322034,node_network_transmit_packets_total,node-exporter-02.u-cloudsolutions.xyz
2025-08-18 16:55:00+00:00,9.389830508474576,node_network_transmit_packets_total,node-exporter-02.u-cloudsolutions.xyz
2025-08-18 16:56:00+00:00,9.39322033898305,node_network_transmit_packets_total,node-exporter-02.u-cloudsolutions.xyz
2025-08-18 16:57:00+00:00,9.406779661016948,node_network_transmit_packets_total,node-exporter-02.u-cloudsolutions.xyz
2025-08-18 16:58:00+00:00,9.406779661016948,node_network_transmit_packets_total,node-exporter-02.u-cloudsolutions.xyz
2025-08-18 16:59:00+00:00,9.508474576271189,node_network_transmit_packets_total,node-exporter-02.u-cloudsolutions.xyz
2025-08-18 17:00:00+00:00,9.406779661016948,node_network_transmit_packets_total,node-exporter-02.u-cloudsolutions.xyz
2025-08-18 17:01:00+00:00,9.505084745762712,node_network_transmit_packets_total,node-exporter-02.u-cloudsolutions.xyz
2025-08-18 17:02:00+00:00,9.498305084745764,node_network_transmit_packets_total,node-exporter-02.u-cloudsolutions.xyz
2025-08-18 17:03:00+00:00,9.498305084745764,node_network_transmit_packets_total,node-exporter-02.u-cloudsolutions.xyz
2025-08-18 17:04:00+00:00,9.389830508474576,node_network_transmit_packets_total,node-exporter-02.u-cloudsolutions.xyz
2025-08-18 17:05:00+00:00,9.39322033898305,node_network_transmit_packets_total,node-exporter-02.u-cloudsolutions.xyz
2025-08-18 17:06:00+00:00,9.294915254237289,node_network_transmit_packets_total,node-exporter-02.u-cloudsolutions.xyz
2025-08-18 17:07:00+00:00,9.4,node_network_transmit_packets_total,node-exporter-02.u-cloudsolutions.xyz
2025-08-18 17:08:00+00:00,9.403389830508477,node_network_transmit_packets_total,node-exporter-02.u-cloudsolutions.xyz
2025-08-18 17:09:00+00:00,9.406779661016948,node_network_transmit_packets_total,node-exporter-02.u-cloudsolutions.xyz
2025-08-18 17:10:00+00:00,9.410169491525425,node_network_transmit_packets_total,node-exporter-02.u-cloudsolutions.xyz
2025-08-18 17:11:00+00:00,9.410169491525425,node_network_transmit_packets_total,node-exporter-02.u-cloudsolutions.xyz
2025-08-18 17:12:00+00:00,9.305084745762713,node_network_transmit_packets_total,node-exporter-02.u-cloudsolutions.xyz
2025-08-18 17:13:00+00:00,9.298305084745762,node_network_transmit_packets_total,node-exporter-02.u-cloudsolutions.xyz
2025-08-18 17:14:00+00:00,9.298305084745762,node_network_transmit_packets_total,node-exporter-02.u-cloudsolutions.xyz
2025-08-18 17:15:00+00:00,9.298305084745762,node_network_transmit_packets_total,node-exporter-02.u-cloudsolutions.xyz
2025-08-18 17:16:00+00:00,9.284745762711864,node_network_transmit_packets_total,node-exporter-02.u-cloudsolutions.xyz
2025-08-18 17:17:00+00:00,9.294915254237289,node_network_transmit_packets_total,node-exporter-02.u-cloudsolutions.xyz
2025-08-18 17:18:00+00:00,9.301694915254236,node_network_transmit_packets_total,node-exporter-02.u-cloudsolutions.xyz
2025-08-18 17:19:00+00:00,9.298305084745762,node_network_transmit_packets_total,node-exporter-02.u-cloudsolutions.xyz
2025-08-18 17:20:00+00:00,9.31186440677966,node_network_transmit_packets_total,node-exporter-02.u-cloudsolutions.xyz
2025-08-18 17:21:00+00:00,9.31186440677966,node_network_transmit_packets_total,node-exporter-02.u-cloudsolutions.xyz
2025-08-18 17:22:00+00:00,9.31186440677966,node_network_transmit_packets_total,node-exporter-02.u-cloudsolutions.xyz
2025-08-18 17:23:00+00:00,9.301694915254236,node_network_transmit_packets_total,node-exporter-02.u-cloudsolutions.xyz
2025-08-18 17:24:00+00:00,9.305084745762713,node_network_transmit_packets_total,node-exporter-02.u-cloudsolutions.xyz
2025-08-18 17:25:00+00:00,9.31186440677966,node_network_transmit_packets_total,node-exporter-02.u-cloudsolutions.xyz
2025-08-18 17:26:00+00:00,9.308474576271186,node_network_transmit_packets_total,node-exporter-02.u-cloudsolutions.xyz
2025-08-18 17:27:00+00:00,9.294915254237289,node_network_transmit_packets_total,node-exporter-02.u-cloudsolutions.xyz
2025-08-18 17:28:00+00:00,9.31186440677966,node_network_transmit_packets_total,node-exporter-02.u-cloudsolutions.xyz
2025-08-18 17:29:00+00:00,9.31186440677966,node_network_transmit_packets_total,node-exporter-02.u-cloudsolutions.xyz
2025-08-18 17:30:00+00:00,9.308474576271186,node_network_transmit_packets_total,node-exporter-02.u-cloudsolutions.xyz
2025-08-18 17:31:00+00:00,9.308474576271186,node_network_transmit_packets_total,node-exporter-02.u-cloudsolutions.xyz
2025-08-18 17:32:00+00:00,9.294915254237289,node_network_transmit_packets_total,node-exporter-02.u-cloudsolutions.xyz
2025-08-18 17:33:00+00:00,9.28813559322034,node_network_transmit_packets_total,node-exporter-02.u-cloudsolutions.xyz
2025-08-18 17:34:00+00:00,9.27457627118644,node_network_transmit_packets_total,node-exporter-02.u-cloudsolutions.xyz
2025-08-18 17:35:00+00:00,9.271186440677964,node_network_transmit_packets_total,node-exporter-02.u-cloudsolutions.xyz
2025-08-18 17:36:00+00:00,9.26779661016949,node_network_transmit_packets_total,node-exporter-02.u-cloudsolutions.xyz
2025-08-18 17:37:00+00:00,9.261016949152545,node_network_transmit_packets_total,node-exporter-02.u-cloudsolutions.xyz
2025-08-18 17:38:00+00:00,9.27457627118644,node_network_transmit_packets_total,node-exporter-02.u-cloudsolutions.xyz
2025-08-18 17:39:00+00:00,9.28813559322034,node_network_transmit_packets_total,node-exporter-02.u-cloudsolutions.xyz
2025-08-18 17:40:00+00:00,9.298305084745762,node_network_transmit_packets_total,node-exporter-02.u-cloudsolutions.xyz
2025-08-18 17:41:00+00:00,9.298305084745762,node_network_transmit_packets_total,node-exporter-02.u-cloudsolutions.xyz
2025-08-18 17:42:00+00:00,9.298305084745762,node_network_transmit_packets_total,node-exporter-02.u-cloudsolutions.xyz
2025-08-18 17:43:00+00:00,9.294915254237289,node_network_transmit_packets_total,node-exporter-02.u-cloudsolutions.xyz
2025-08-18 17:44:00+00:00,9.291525423728814,node_network_transmit_packets_total,node-exporter-02.u-cloudsolutions.xyz
2025-08-18 17:45:00+00:00,9.291525423728814,node_network_transmit_packets_total,node-exporter-02.u-cloudsolutions.xyz
2025-08-18 17:46:00+00:00,9.28813559322034,node_network_transmit_packets_total,node-exporter-02.u-cloudsolutions.xyz
2025-08-18 17:47:00+00:00,9.28135593220339,node_network_transmit_packets_total,node-exporter-02.u-cloudsolutions.xyz
2025-08-18 17:48:00+00:00,9.277966101694917,node_network_transmit_packets_total,node-exporter-02.u-cloudsolutions.xyz
2025-08-18 17:49:00+00:00,9.27457627118644,node_network_transmit_packets_total,node-exporter-02.u-cloudsolutions.xyz
2025-08-18 17:50:00+00:00,9.271186440677964,node_network_transmit_packets_total,node-exporter-02.u-cloudsolutions.xyz
2025-08-18 17:51:00+00:00,9.271186440677964,node_network_transmit_packets_total,node-exporter-02.u-cloudsolutions.xyz
2025-08-18 17:52:00+00:00,9.277966101694917,node_network_transmit_packets_total,node-exporter-02.u-cloudsolutions.xyz
2025-08-18 17:53:00+00:00,9.284745762711864,node_network_transmit_packets_total,node-exporter-02.u-cloudsolutions.xyz
2025-08-18 17:54:00+00:00,9.291525423728814,node_network_transmit_packets_total,node-exporter-02.u-cloudsolutions.xyz
2025-08-18 17:55:00+00:00,9.298305084745762,node_network_transmit_packets_total,node-exporter-02.u-cloudsolutions.xyz
2025-08-18 17:56:00+00:00,9.301694915254236,node_network_transmit_packets_total,node-exporter-02.u-cloudsolutions.xyz
2025-08-18 17:57:00+00:00,9.301694915254236,node_network_transmit_packets_total,node-exporter-02.u-cloudsolutions.xyz
2025-08-18 17:58:00+00:00,9.301694915254236,node_network_transmit_packets_total,node-exporter-02.u-cloudsolutions.xyz
2025-08-18 17:59:00+00:00,9.301694915254236,node_network_transmit_packets_total,node-exporter-02.u-cloudsolutions.xyz
2025-08-18 18:00:00+00:00,9.301694915254236,node_network_transmit_packets_total,node-exporter-02.u-cloudsolutions.xyz
2025-08-18 18:01:00+00:00,9.31186440677966,node_network_transmit_packets_total,node-exporter-02.u-cloudsolutions.xyz
2025-08-18 18:02:00+00:00,9.322033898305085,node_network_transmit_packets_total,node-exporter-02.u-cloudsolutions.xyz
2025-08-18 18:03:00+00:00,9.328813559322034,node_network_transmit_packets_total,node-exporter-02.u-cloudsolutions.xyz
2025-08-18 18:04:00+00:00,9.328813559322034,node_network_transmit_packets_total,node-exporter-02.u-cloudsolutions.xyz
2025-08-18 18:05:00+00:00,9.32542372881356,node_network_transmit_packets_total,node-exporter-02.u-cloudsolutions.xyz
2025-08-18 18:06:00+00:00,9.31864406779661,node_network_transmit_packets_total,node-exporter-02.u-cloudsolutions.xyz
2025-08-18 18:07:00+00:00,9.308474576271186,node_network_transmit_packets_total,node-exporter-02.u-cloudsolutions.xyz
2025-08-18 18:08:00+00:00,9.315254237288135,node_network_transmit_packets_total,node-exporter-02.u-cloudsolutions.xyz
2025-08-18 18:09:00+00:00,9.322033898305085,node_network_transmit_packets_total,node-exporter-02.u-cloudsolutions.xyz
2025-08-18 18:10:00+00:00,9.328813559322034,node_network_transmit_packets_total,node-exporter-02.u-cloudsolutions.xyz
2025-08-18 18:11:00+00:00,9.34915254237288,node_network_transmit_packets_total,node-exporter-02.u-cloudsolutions.xyz
2025-08-18 18:12:00+00:00,9.335593220338982,node_network_transmit_packets_total,node-exporter-02.u-cloudsolutions.xyz
2025-08-18 18:13:00+00:00,9.322033898305085,node_network_transmit_packets_total,node-exporter-02.u-cloudsolutions.xyz
2025-08-18 18:14:00+00:00,9.298305084745762,node_network_transmit_packets_total,node-exporter-02.u-cloudsolutions.xyz
2025-08-18 18:15:00+00:00,9.298305084745762,node_network_transmit_packets_total,node-exporter-02.u-cloudsolutions.xyz
2025-08-18 18:16:00+00:00,9.277966101694917,node_network_transmit_packets_total,node-exporter-02.u-cloudsolutions.xyz
2025-08-18 18:17:00+00:00,9.284745762711864,node_network_transmit_packets_total,node-exporter-02.u-cloudsolutions.xyz
2025-08-18 18:18:00+00:00,9.298305084745762,node_network_transmit_packets_total,node-exporter-02.u-cloudsolutions.xyz
2025-08-18 18:19:00+00:00,9.31186440677966,node_network_transmit_packets_total,node-exporter-02.u-cloudsolutions.xyz
2025-08-18 18:20:00+00:00,9.31186440677966,node_network_transmit_packets_total,node-exporter-02.u-cloudsolutions.xyz
2025-08-18 18:21:00+00:00,9.322033898305085,node_network_transmit_packets_total,node-exporter-02.u-cloudsolutions.xyz
2025-08-18 18:22:00+00:00,9.315254237288135,node_network_transmit_packets_total,node-exporter-02.u-cloudsolutions.xyz
2025-08-18 18:23:00+00:00,9.301694915254236,node_network_transmit_packets_total,node-exporter-02.u-cloudsolutions.xyz
2025-08-18 18:24:00+00:00,9.291525423728814,node_network_transmit_packets_total,node-exporter-02.u-cloudsolutions.xyz
2025-08-18 18:25:00+00:00,9.28135593220339,node_network_transmit_packets_total,node-exporter-02.u-cloudsolutions.xyz
2025-08-18 18:26:00+00:00,9.271186440677964,node_network_transmit_packets_total,node-exporter-02.u-cloudsolutions.xyz
2025-08-18 18:27:00+00:00,9.26779661016949,node_network_transmit_packets_total,node-exporter-02.u-cloudsolutions.xyz
2025-08-18 18:28:00+00:00,9.271186440677964,node_network_transmit_packets_total,node-exporter-02.u-cloudsolutions.xyz
2025-08-18 18:29:00+00:00,9.271186440677964,node_network_transmit_packets_total,node-exporter-02.u-cloudsolutions.xyz
2025-08-18 18:30:00+00:00,9.271186440677964,node_network_transmit_packets_total,node-exporter-02.u-cloudsolutions.xyz
2025-08-18 18:31:00+00:00,9.271186440677964,node_network_transmit_packets_total,node-exporter-02.u-cloudsolutions.xyz
2025-08-18 18:32:00+00:00,9.26779661016949,node_network_transmit_packets_total,node-exporter-02.u-cloudsolutions.xyz
2025-08-18 18:33:00+00:00,9.277966101694917,node_network_transmit_packets_total,node-exporter-02.u-cloudsolutions.xyz
2025-08-18 18:34:00+00:00,9.284745762711864,node_network_transmit_packets_total,node-exporter-02.u-cloudsolutions.xyz
2025-08-18 18:35:00+00:00,9.284745762711864,node_network_transmit_packets_total,node-exporter-02.u-cloudsolutions.xyz
2025-08-18 18:36:00+00:00,9.291525423728814,node_network_transmit_packets_total,node-exporter-02.u-cloudsolutions.xyz
2025-08-18 18:37:00+00:00,9.298305084745762,node_network_transmit_packets_total,node-exporter-02.u-cloudsolutions.xyz
2025-08-18 18:38:00+00:00,9.294915254237289,node_network_transmit_packets_total,node-exporter-02.u-cloudsolutions.xyz
2025-08-18 18:39:00+00:00,9.294915254237289,node_network_transmit_packets_total,node-exporter-02.u-cloudsolutions.xyz
2025-08-18 18:40:00+00:00,9.294915254237289,node_network_transmit_packets_total,node-exporter-02.u-cloudsolutions.xyz
2025-08-18 18:41:00+00:00,9.294915254237289,node_network_transmit_packets_total,node-exporter-02.u-cloudsolutions.xyz
2025-08-18 18:42:00+00:00,9.301694915254236,node_network_transmit_packets_total,node-exporter-02.u-cloudsolutions.xyz
2025-08-18 18:43:00+00:00,9.298305084745762,node_network_transmit_packets_total,node-exporter-02.u-cloudsolutions.xyz
2025-08-18 18:44:00+00:00,9.28813559322034,node_network_transmit_packets_total,node-exporter-02.u-cloudsolutions.xyz
2025-08-18 18:45:00+00:00,9.284745762711864,node_network_transmit_packets_total,node-exporter-02.u-cloudsolutions.xyz
2025-08-18 18:46:00+00:00,9.28135593220339,node_network_transmit_packets_total,node-exporter-02.u-cloudsolutions.xyz
2025-08-18 18:47:00+00:00,9.283050847457627,node_network_transmit_packets_total,node-exporter-02.u-cloudsolutions.xyz
2025-08-18 18:48:00+00:00,9.284745762711864,node_network_transmit_packets_total,node-exporter-02.u-cloudsolutions.xyz
2025-08-18 18:49:00+00:00,9.291525423728814,node_network_transmit_packets_total,node-exporter-02.u-cloudsolutions.xyz
2025-08-18 18:50:00+00:00,9.291525423728814,node_network_transmit_packets_total,node-exporter-02.u-cloudsolutions.xyz
2025-08-18 18:51:00+00:00,9.291525423728814,node_network_transmit_packets_total,node-exporter-02.u-cloudsolutions.xyz
2025-08-18 18:52:00+00:00,9.291525423728814,node_network_transmit_packets_total,node-exporter-02.u-cloudsolutions.xyz
2025-08-18 18:53:00+00:00,9.291525423728814,node_network_transmit_packets_total,node-exporter-02.u-cloudsolutions.xyz
2025-08-18 18:54:00+00:00,9.28813559322034,node_network_transmit_packets_total,node-exporter-02.u-cloudsolutions.xyz
2025-08-18 18:55:00+00:00,9.277966101694917,node_network_transmit_packets_total,node-exporter-02.u-cloudsolutions.xyz
2025-08-18 18:56:00+00:00,9.28135593220339,node_network_transmit_packets_total,node-exporter-02.u-cloudsolutions.xyz
2025-08-18 18:57:00+00:00,9.277966101694917,node_network_transmit_packets_total,node-exporter-02.u-cloudsolutions.xyz
2025-08-18 18:58:00+00:00,9.28135593220339,node_network_transmit_packets_total,node-exporter-02.u-cloudsolutions.xyz
2025-08-18 18:59:00+00:00,9.28813559322034,node_network_transmit_packets_total,node-exporter-02.u-cloudsolutions.xyz
2025-08-18 19:00:00+00:00,9.294915254237289,node_network_transmit_packets_total,node-exporter-02.u-cloudsolutions.xyz
2025-08-18 19:01:00+00:00,9.301694915254236,node_network_transmit_packets_total,node-exporter-02.u-cloudsolutions.xyz
2025-08-18 19:02:00+00:00,9.308474576271186,node_network_transmit_packets_total,node-exporter-02.u-cloudsolutions.xyz
2025-08-18 19:03:00+00:00,9.308474576271186,node_network_transmit_packets_total,node-exporter-02.u-cloudsolutions.xyz
2025-08-18 19:04:00+00:00,9.308474576271186,node_network_transmit_packets_total,node-exporter-02.u-cloudsolutions.xyz
2025-08-18 19:05:00+00:00,9.305084745762713,node_network_transmit_packets_total,node-exporter-02.u-cloudsolutions.xyz
2025-08-18 19:06:00+00:00,9.305084745762713,node_network_transmit_packets_total,node-exporter-02.u-cloudsolutions.xyz
2025-08-18 19:07:00+00:00,9.305084745762713,node_network_transmit_packets_total,node-exporter-02.u-cloudsolutions.xyz
2025-08-18 19:08:00+00:00,9.301694915254236,node_network_transmit_packets_total,node-exporter-02.u-cloudsolutions.xyz
2025-08-18 19:09:00+00:00,9.301694915254236,node_network_transmit_packets_total,node-exporter-02.u-cloudsolutions.xyz
2025-08-18 19:10:00+00:00,9.301694915254236,node_network_transmit_packets_total,node-exporter-02.u-cloudsolutions.xyz
2025-08-18 19:11:00+00:00,9.31864406779661,node_network_transmit_packets_total,node-exporter-02.u-cloudsolutions.xyz
2025-08-18 19:12:00+00:00,9.32542372881356,node_network_transmit_packets_total,node-exporter-02.u-cloudsolutions.xyz
2025-08-18 19:13:00+00:00,9.322033898305085,node_network_transmit_packets_total,node-exporter-02.u-cloudsolutions.xyz
2025-08-18 19:14:00+00:00,9.315254237288135,node_network_transmit_packets_total,node-exporter-02.u-cloudsolutions.xyz
2025-08-18 19:15:00+00:00,9.31864406779661,node_network_transmit_packets_total,node-exporter-02.u-cloudsolutions.xyz
2025-08-18 19:16:00+00:00,9.298305084745762,node_network_transmit_packets_total,node-exporter-02.u-cloudsolutions.xyz
2025-08-18 19:17:00+00:00,9.291525423728814,node_network_transmit_packets_total,node-exporter-02.u-cloudsolutions.xyz
2025-08-18 19:18:00+00:00,9.28813559322034,node_network_transmit_packets_total,node-exporter-02.u-cloudsolutions.xyz
2025-08-18 19:19:00+00:00,9.298305084745762,node_network_transmit_packets_total,node-exporter-02.u-cloudsolutions.xyz
2025-08-18 19:20:00+00:00,9.294915254237289,node_network_transmit_packets_total,node-exporter-02.u-cloudsolutions.xyz
2025-08-18 19:21:00+00:00,9.301694915254236,node_network_transmit_packets_total,node-exporter-02.u-cloudsolutions.xyz
2025-08-18 19:22:00+00:00,9.301694915254236,node_network_transmit_packets_total,node-exporter-02.u-cloudsolutions.xyz
2025-08-18 19:23:00+00:00,9.308474576271186,node_network_transmit_packets_total,node-exporter-02.u-cloudsolutions.xyz
2025-08-18 19:24:00+00:00,9.308474576271186,node_network_transmit_packets_total,node-exporter-02.u-cloudsolutions.xyz
2025-08-18 19:25:00+00:00,9.315254237288135,node_network_transmit_packets_total,node-exporter-02.u-cloudsolutions.xyz
2025-08-18 19:26:00+00:00,9.315254237288135,node_network_transmit_packets_total,node-exporter-02.u-cloudsolutions.xyz
2025-08-18 19:27:00+00:00,9.322033898305085,node_network_transmit_packets_total,node-exporter-02.u-cloudsolutions.xyz
2025-08-18 19:28:00+00:00,9.32542372881356,node_network_transmit_packets_total,node-exporter-02.u-cloudsolutions.xyz
2025-08-18 19:29:00+00:00,9.32542372881356,node_network_transmit_packets_total,node-exporter-02.u-cloudsolutions.xyz
2025-08-18 19:30:00+00:00,9.332203389830507,node_network_transmit_packets_total,node-exporter-02.u-cloudsolutions.xyz
2025-08-18 19:31:00+00:00,9.328813559322034,node_network_transmit_packets_total,node-exporter-02.u-cloudsolutions.xyz
2025-08-18 19:32:00+00:00,9.332203389830507,node_network_transmit_packets_total,node-exporter-02.u-cloudsolutions.xyz
2025-08-18 19:33:00+00:00,9.332203389830507,node_network_transmit_packets_total,node-exporter-02.u-cloudsolutions.xyz
2025-08-18 19:34:00+00:00,9.322033898305085,node_network_transmit_packets_total,node-exporter-02.u-cloudsolutions.xyz
2025-08-18 19:35:00+00:00,9.340112994350282,node_network_transmit_packets_total,node-exporter-02.u-cloudsolutions.xyz
2025-08-18 19:36:00+00:00,9.35819209039548,node_network_transmit_packets_total,node-exporter-02.u-cloudsolutions.xyz
2025-08-18 19:37:00+00:00,9.376271186440679,node_network_transmit_packets_total,node-exporter-02.u-cloudsolutions.xyz
2025-08-18 19:38:00+00:00,9.394350282485876,node_network_transmit_packets_total,node-exporter-02.u-cloudsolutions.xyz
2025-08-18 19:39:00+00:00,9.412429378531073,node_network_transmit_packets_total,node-exporter-02.u-cloudsolutions.xyz
2025-08-18 19:40:00+00:00,9.430508474576271,node_network_transmit_packets_total,node-exporter-02.u-cloudsolutions.xyz
2025-08-18 19:41:00+00:00,9.291525423728814,node_network_transmit_packets_total,node-exporter-02.u-cloudsolutions.xyz
2025-08-18 19:42:00+00:00,9.396610169491526,node_network_transmit_packets_total,node-exporter-02.u-cloudsolutions.xyz
2025-08-18 19:43:00+00:00,9.501694915254236,node_network_transmit_packets_total,node-exporter-02.u-cloudsolutions.xyz
2025-08-18 19:44:00+00:00,9.49694915254237,node_network_transmit_packets_total,node-exporter-02.u-cloudsolutions.xyz
2025-08-18 19:45:00+00:00,9.492203389830507,node_network_transmit_packets_total,node-exporter-02.u-cloudsolutions.xyz
2025-08-18 19:46:00+00:00,9.487457627118642,node_network_transmit_packets_total,node-exporter-02.u-cloudsolutions.xyz
2025-08-18 19:47:00+00:00,9.48271186440678,node_network_transmit_packets_total,node-exporter-02.u-cloudsolutions.xyz
2025-08-18 19:48:00+00:00,9.477966101694914,node_network_transmit_packets_total,node-exporter-02.u-cloudsolutions.xyz
2025-08-18 19:49:00+00:00,9.379661016949152,node_network_transmit_packets_total,node-exporter-02.u-cloudsolutions.xyz
2025-08-18 19:50:00+00:00,9.277966101694917,node_network_transmit_packets_total,node-exporter-02.u-cloudsolutions.xyz
2025-08-18 19:51:00+00:00,9.27457627118644,node_network_transmit_packets_total,node-exporter-02.u-cloudsolutions.xyz
2025-08-18 19:52:00+00:00,9.264406779661016,node_network_transmit_packets_total,node-exporter-02.u-cloudsolutions.xyz
2025-08-18 19:53:00+00:00,9.264406779661016,node_network_transmit_packets_total,node-exporter-02.u-cloudsolutions.xyz
2025-08-18 19:54:00+00:00,9.26779661016949,node_network_transmit_packets_total,node-exporter-02.u-cloudsolutions.xyz
2025-08-18 19:55:00+00:00,9.26779661016949,node_network_transmit_packets_total,node-exporter-02.u-cloudsolutions.xyz
2025-08-18 19:56:00+00:00,9.277966101694917,node_network_transmit_packets_total,node-exporter-02.u-cloudsolutions.xyz
2025-08-18 19:57:00+00:00,9.277966101694917,node_network_transmit_packets_total,node-exporter-02.u-cloudsolutions.xyz
2025-08-18 19:58:00+00:00,9.284745762711864,node_network_transmit_packets_total,node-exporter-02.u-cloudsolutions.xyz
2025-08-18 19:59:00+00:00,9.284745762711864,node_network_transmit_packets_total,node-exporter-02.u-cloudsolutions.xyz
2025-08-18 20:00:00+00:00,9.291525423728814,node_network_transmit_packets_total,node-exporter-02.u-cloudsolutions.xyz
2025-08-18 20:01:00+00:00,9.305084745762713,node_network_transmit_packets_total,node-exporter-02.u-cloudsolutions.xyz
2025-08-18 20:02:00+00:00,9.31186440677966,node_network_transmit_packets_total,node-exporter-02.u-cloudsolutions.xyz
2025-08-18 20:03:00+00:00,9.32542372881356,node_network_transmit_packets_total,node-exporter-02.u-cloudsolutions.xyz
2025-08-18 20:04:00+00:00,9.332203389830507,node_network_transmit_packets_total,node-exporter-02.u-cloudsolutions.xyz
2025-08-18 20:05:00+00:00,9.322033898305085,node_network_transmit_packets_total,node-exporter-02.u-cloudsolutions.xyz
2025-08-18 20:06:00+00:00,9.31186440677966,node_network_transmit_packets_total,node-exporter-02.u-cloudsolutions.xyz
2025-08-18 20:07:00+00:00,9.301694915254236,node_network_transmit_packets_total,node-exporter-02.u-cloudsolutions.xyz
2025-08-18 20:08:00+00:00,9.291525423728814,node_network_transmit_packets_total,node-exporter-02.u-cloudsolutions.xyz
2025-08-18 20:09:00+00:00,9.284745762711864,node_network_transmit_packets_total,node-exporter-02.u-cloudsolutions.xyz
2025-08-18 20:10:00+00:00,9.28813559322034,node_network_transmit_packets_total,node-exporter-02.u-cloudsolutions.xyz
2025-08-18 20:11:00+00:00,9.294915254237289,node_network_transmit_packets_total,node-exporter-02.u-cloudsolutions.xyz
2025-08-18 20:12:00+00:00,9.39322033898305,node_network_transmit_packets_total,node-exporter-02.u-cloudsolutions.xyz
2025-08-18 20:13:00+00:00,9.4,node_network_transmit_packets_total,node-exporter-02.u-cloudsolutions.xyz
2025-08-18 20:14:00+00:00,9.4,node_network_transmit_packets_total,node-exporter-02.u-cloudsolutions.xyz
2025-08-18 20:15:00+00:00,9.403389830508477,node_network_transmit_packets_total,node-exporter-02.u-cloudsolutions.xyz
2025-08-18 20:16:00+00:00,9.4,node_network_transmit_packets_total,node-exporter-02.u-cloudsolutions.xyz
2025-08-18 20:17:00+00:00,9.308474576271186,node_network_transmit_packets_total,node-exporter-02.u-cloudsolutions.xyz
2025-08-18 20:18:00+00:00,9.315254237288135,node_network_transmit_packets_total,node-exporter-02.u-cloudsolutions.xyz
2025-08-18 20:19:00+00:00,9.322033898305085,node_network_transmit_packets_total,node-exporter-02.u-cloudsolutions.xyz
2025-08-18 20:20:00+00:00,9.31186440677966,node_network_transmit_packets_total,node-exporter-02.u-cloudsolutions.xyz
2025-08-18 20:21:00+00:00,9.298305084745762,node_network_transmit_packets_total,node-exporter-02.u-cloudsolutions.xyz
2025-08-18 20:22:00+00:00,9.28813559322034,node_network_transmit_packets_total,node-exporter-02.u-cloudsolutions.xyz
2025-08-18 20:23:00+00:00,9.277966101694917,node_network_transmit_packets_total,node-exporter-02.u-cloudsolutions.xyz
2025-08-18 20:24:00+00:00,9.26779661016949,node_network_transmit_packets_total,node-exporter-02.u-cloudsolutions.xyz
2025-08-18 20:25:00+00:00,9.271186440677964,node_network_transmit_packets_total,node-exporter-02.u-cloudsolutions.xyz
2025-08-18 20:26:00+00:00,9.28135593220339,node_network_transmit_packets_total,node-exporter-02.u-cloudsolutions.xyz
2025-08-18 20:27:00+00:00,9.291525423728814,node_network_transmit_packets_total,node-exporter-02.u-cloudsolutions.xyz
2025-08-18 20:28:00+00:00,9.308474576271186,node_network_transmit_packets_total,node-exporter-02.u-cloudsolutions.xyz
2025-08-18 20:29:00+00:00,9.31864406779661,node_network_transmit_packets_total,node-exporter-02.u-cloudsolutions.xyz
2025-08-18 20:30:00+00:00,9.31864406779661,node_network_transmit_packets_total,node-exporter-02.u-cloudsolutions.xyz
2025-08-18 20:31:00+00:00,9.31864406779661,node_network_transmit_packets_total,node-exporter-02.u-cloudsolutions.xyz
2025-08-18 20:32:00+00:00,9.31186440677966,node_network_transmit_packets_total,node-exporter-02.u-cloudsolutions.xyz
2025-08-18 20:33:00+00:00,9.308474576271186,node_network_transmit_packets_total,node-exporter-02.u-cloudsolutions.xyz
2025-08-18 20:34:00+00:00,9.31864406779661,node_network_transmit_packets_total,node-exporter-02.u-cloudsolutions.xyz
2025-08-18 20:35:00+00:00,9.315254237288135,node_network_transmit_packets_total,node-exporter-02.u-cloudsolutions.xyz
2025-08-18 20:36:00+00:00,9.308474576271186,node_network_transmit_packets_total,node-exporter-02.u-cloudsolutions.xyz
2025-08-18 20:37:00+00:00,9.410169491525425,node_network_transmit_packets_total,node-exporter-02.u-cloudsolutions.xyz
2025-08-18 20:38:00+00:00,9.406779661016948,node_network_transmit_packets_total,node-exporter-02.u-cloudsolutions.xyz
2025-08-18 20:39:00+00:00,9.406779661016948,node_network_transmit_packets_total,node-exporter-02.u-cloudsolutions.xyz
2025-08-18 20:40:00+00:00,9.406779661016948,node_network_transmit_packets_total,node-exporter-02.u-cloudsolutions.xyz
2025-08-18 20:41:00+00:00,9.31186440677966,node_network_transmit_packets_total,node-exporter-02.u-cloudsolutions.xyz
2025-08-18 20:42:00+00:00,9.305084745762713,node_network_transmit_packets_total,node-exporter-02.u-cloudsolutions.xyz
2025-08-18 20:43:00+00:00,9.305084745762713,node_network_transmit_packets_total,node-exporter-02.u-cloudsolutions.xyz
2025-08-18 20:44:00+00:00,9.301694915254236,node_network_transmit_packets_total,node-exporter-02.u-cloudsolutions.xyz
2025-08-18 20:45:00+00:00,9.301694915254236,node_network_transmit_packets_total,node-exporter-02.u-cloudsolutions.xyz
2025-08-18 20:46:00+00:00,9.294915254237289,node_network_transmit_packets_total,node-exporter-02.u-cloudsolutions.xyz
2025-08-18 20:47:00+00:00,9.291525423728814,node_network_transmit_packets_total,node-exporter-02.u-cloudsolutions.xyz
2025-08-18 20:48:00+00:00,9.28813559322034,node_network_transmit_packets_total,node-exporter-02.u-cloudsolutions.xyz
2025-08-18 20:49:00+00:00,9.277966101694917,node_network_transmit_packets_total,node-exporter-02.u-cloudsolutions.xyz
2025-08-18 20:50:00+00:00,9.277966101694917,node_network_transmit_packets_total,node-exporter-02.u-cloudsolutions.xyz
2025-08-18 20:51:00+00:00,9.27457627118644,node_network_transmit_packets_total,node-exporter-02.u-cloudsolutions.xyz
2025-08-18 20:52:00+00:00,9.277966101694917,node_network_transmit_packets_total,node-exporter-02.u-cloudsolutions.xyz
2025-08-18 20:53:00+00:00,9.277966101694917,node_network_transmit_packets_total,node-exporter-02.u-cloudsolutions.xyz
2025-08-18 20:54:00+00:00,9.28135593220339,node_network_transmit_packets_total,node-exporter-02.u-cloudsolutions.xyz
2025-08-18 20:55:00+00:00,9.27457627118644,node_network_transmit_packets_total,node-exporter-02.u-cloudsolutions.xyz
2025-08-18 20:56:00+00:00,9.277966101694917,node_network_transmit_packets_total,node-exporter-02.u-cloudsolutions.xyz
2025-08-18 20:57:00+00:00,9.284745762711864,node_network_transmit_packets_total,node-exporter-02.u-cloudsolutions.xyz
2025-08-18 20:58:00+00:00,9.28813559322034,node_network_transmit_packets_total,node-exporter-02.u-cloudsolutions.xyz
2025-08-18 20:59:00+00:00,9.291525423728814,node_network_transmit_packets_total,node-exporter-02.u-cloudsolutions.xyz
2025-08-18 21:00:00+00:00,9.294915254237289,node_network_transmit_packets_total,node-exporter-02.u-cloudsolutions.xyz
2025-08-18 21:01:00+00:00,9.298305084745762,node_network_transmit_packets_total,node-exporter-02.u-cloudsolutions.xyz
2025-08-18 21:02:00+00:00,9.308474576271186,node_network_transmit_packets_total,node-exporter-02.u-cloudsolutions.xyz
2025-08-18 21:03:00+00:00,9.31864406779661,node_network_transmit_packets_total,node-exporter-02.u-cloudsolutions.xyz
2025-08-18 21:04:00+00:00,9.328813559322034,node_network_transmit_packets_total,node-exporter-02.u-cloudsolutions.xyz
2025-08-18 21:05:00+00:00,9.338983050847457,node_network_transmit_packets_total,node-exporter-02.u-cloudsolutions.xyz
2025-08-18 21:06:00+00:00,9.335593220338982,node_network_transmit_packets_total,node-exporter-02.u-cloudsolutions.xyz
2025-08-18 21:07:00+00:00,9.332203389830507,node_network_transmit_packets_total,node-exporter-02.u-cloudsolutions.xyz
2025-08-18 21:08:00+00:00,9.328813559322034,node_network_transmit_packets_total,node-exporter-02.u-cloudsolutions.xyz
2025-08-18 21:09:00+00:00,9.32542372881356,node_network_transmit_packets_total,node-exporter-02.u-cloudsolutions.xyz
2025-08-18 21:10:00+00:00,9.315254237288135,node_network_transmit_packets_total,node-exporter-02.u-cloudsolutions.xyz
2025-08-18 21:11:00+00:00,9.32542372881356,node_network_transmit_packets_total,node-exporter-02.u-cloudsolutions.xyz
2025-08-18 21:12:00+00:00,9.32542372881356,node_network_transmit_packets_total,node-exporter-02.u-cloudsolutions.xyz
2025-08-18 21:13:00+00:00,9.32542372881356,node_network_transmit_packets_total,node-exporter-02.u-cloudsolutions.xyz
2025-08-18 21:14:00+00:00,9.32542372881356,node_network_transmit_packets_total,node-exporter-02.u-cloudsolutions.xyz
2025-08-18 21:15:00+00:00,9.427118644067797,node_network_transmit_packets_total,node-exporter-02.u-cloudsolutions.xyz
2025-08-18 21:16:00+00:00,9.430508474576271,node_network_transmit_packets_total,node-exporter-02.u-cloudsolutions.xyz
2025-08-18 21:17:00+00:00,9.416949152542372,node_network_transmit_packets_total,node-exporter-02.u-cloudsolutions.xyz
2025-08-18 21:18:00+00:00,9.406779661016948,node_network_transmit_packets_total,node-exporter-02.u-cloudsolutions.xyz
2025-08-18 21:19:00+00:00,9.396610169491526,node_network_transmit_packets_total,node-exporter-02.u-cloudsolutions.xyz
2025-08-18 21:20:00+00:00,9.291525423728814,node_network_transmit_packets_total,node-exporter-02.u-cloudsolutions.xyz
2025-08-18 21:21:00+00:00,9.28135593220339,node_network_transmit_packets_total,node-exporter-02.u-cloudsolutions.xyz
2025-08-18 21:22:00+00:00,9.284745762711864,node_network_transmit_packets_total,node-exporter-02.u-cloudsolutions.xyz
2025-08-18 21:23:00+00:00,9.308474576271186,node_network_transmit_packets_total,node-exporter-02.u-cloudsolutions.xyz
2025-08-18 21:24:00+00:00,9.352542372881356,node_network_transmit_packets_total,node-exporter-02.u-cloudsolutions.xyz
2025-08-18 21:25:00+00:00,9.35593220338983,node_network_transmit_packets_total,node-exporter-02.u-cloudsolutions.xyz
2025-08-18 21:26:00+00:00,9.359322033898303,node_network_transmit_packets_total,node-exporter-02.u-cloudsolutions.xyz
2025-08-18 21:27:00+00:00,9.352542372881356,node_network_transmit_packets_total,node-exporter-02.u-cloudsolutions.xyz
2025-08-18 21:28:00+00:00,9.31864406779661,node_network_transmit_packets_total,node-exporter-02.u-cloudsolutions.xyz
2025-08-18 21:29:00+00:00,9.28135593220339,node_network_transmit_packets_total,node-exporter-02.u-cloudsolutions.xyz
2025-08-18 21:30:00+00:00,9.27457627118644,node_network_transmit_packets_total,node-exporter-02.u-cloudsolutions.xyz
2025-08-18 21:31:00+00:00,9.271186440677964,node_network_transmit_packets_total,node-exporter-02.u-cloudsolutions.xyz
2025-08-18 21:32:00+00:00,9.277966101694917,node_network_transmit_packets_total,node-exporter-02.u-cloudsolutions.xyz
2025-08-18 21:33:00+00:00,9.291525423728814,node_network_transmit_packets_total,node-exporter-02.u-cloudsolutions.xyz
2025-08-18 21:34:00+00:00,9.305084745762713,node_network_transmit_packets_total,node-exporter-02.u-cloudsolutions.xyz
2025-08-18 21:35:00+00:00,9.31864406779661,node_network_transmit_packets_total,node-exporter-02.u-cloudsolutions.xyz
2025-08-18 21:36:00+00:00,9.32542372881356,node_network_transmit_packets_total,node-exporter-02.u-cloudsolutions.xyz
2025-08-18 21:37:00+00:00,9.315254237288135,node_network_transmit_packets_total,node-exporter-02.u-cloudsolutions.xyz
2025-08-18 21:38:00+00:00,9.301694915254236,node_network_transmit_packets_total,node-exporter-02.u-cloudsolutions.xyz
2025-08-18 21:39:00+00:00,9.383050847457628,node_network_transmit_packets_total,node-exporter-02.u-cloudsolutions.xyz
2025-08-18 21:40:00+00:00,9.376271186440675,node_network_transmit_packets_total,node-exporter-02.u-cloudsolutions.xyz
2025-08-18 21:41:00+00:00,9.372881355932202,node_network_transmit_packets_total,node-exporter-02.u-cloudsolutions.xyz
2025-08-18 21:42:00+00:00,9.376271186440675,node_network_transmit_packets_total,node-exporter-02.u-cloudsolutions.xyz
2025-08-18 21:43:00+00:00,9.383050847457628,node_network_transmit_packets_total,node-exporter-02.u-cloudsolutions.xyz
2025-08-18 21:44:00+00:00,9.28813559322034,node_network_transmit_packets_total,node-exporter-02.u-cloudsolutions.xyz
2025-08-18 21:45:00+00:00,9.294915254237289,node_network_transmit_packets_total,node-exporter-02.u-cloudsolutions.xyz
2025-08-18 21:46:00+00:00,9.301694915254236,node_network_transmit_packets_total,node-exporter-02.u-cloudsolutions.xyz
2025-08-18 21:47:00+00:00,9.301694915254236,node_network_transmit_packets_total,node-exporter-02.u-cloudsolutions.xyz
2025-08-18 21:48:00+00:00,9.301694915254236,node_network_transmit_packets_total,node-exporter-02.u-cloudsolutions.xyz
2025-08-18 21:49:00+00:00,9.301694915254236,node_network_transmit_packets_total,node-exporter-02.u-cloudsolutions.xyz
2025-08-18 21:50:00+00:00,9.301694915254236,node_network_transmit_packets_total,node-exporter-02.u-cloudsolutions.xyz
2025-08-18 21:51:00+00:00,9.406779661016948,node_network_transmit_packets_total,node-exporter-02.u-cloudsolutions.xyz
2025-08-18 21:52:00+00:00,9.406779661016948,node_network_transmit_packets_total,node-exporter-02.u-cloudsolutions.xyz
2025-08-18 21:53:00+00:00,9.406779661016948,node_network_transmit_packets_total,node-exporter-02.u-cloudsolutions.xyz
2025-08-18 21:54:00+00:00,9.406779661016948,node_network_transmit_packets_total,node-exporter-02.u-cloudsolutions.xyz
2025-08-18 21:55:00+00:00,9.406779661016948,node_network_transmit_packets_total,node-exporter-02.u-cloudsolutions.xyz
2025-08-18 21:56:00+00:00,9.301694915254236,node_network_transmit_packets_total,node-exporter-02.u-cloudsolutions.xyz
2025-08-18 21:57:00+00:00,9.301694915254236,node_network_transmit_packets_total,node-exporter-02.u-cloudsolutions.xyz
2025-08-18 21:58:00+00:00,9.301694915254236,node_network_transmit_packets_total,node-exporter-02.u-cloudsolutions.xyz
2025-08-18 21:59:00+00:00,9.301694915254236,node_network_transmit_packets_total,node-exporter-02.u-cloudsolutions.xyz
2025-08-18 22:00:00+00:00,9.301694915254236,node_network_transmit_packets_total,node-exporter-02.u-cloudsolutions.xyz
2025-08-18 22:01:00+00:00,9.301694915254236,node_network_transmit_packets_total,node-exporter-02.u-cloudsolutions.xyz
2025-08-18 22:02:00+00:00,9.301694915254236,node_network_transmit_packets_total,node-exporter-02.u-cloudsolutions.xyz
2025-08-18 22:03:00+00:00,9.298305084745762,node_network_transmit_packets_total,node-exporter-02.u-cloudsolutions.xyz
2025-08-18 22:04:00+00:00,9.294915254237289,node_network_transmit_packets_total,node-exporter-02.u-cloudsolutions.xyz
2025-08-18 22:05:00+00:00,9.291525423728814,node_network_transmit_packets_total,node-exporter-02.u-cloudsolutions.xyz
2025-08-18 22:06:00+00:00,9.28813559322034,node_network_transmit_packets_total,node-exporter-02.u-cloudsolutions.xyz
2025-08-18 22:07:00+00:00,9.284745762711864,node_network_transmit_packets_total,node-exporter-02.u-cloudsolutions.xyz
2025-08-18 22:08:00+00:00,9.28135593220339,node_network_transmit_packets_total,node-exporter-02.u-cloudsolutions.xyz
2025-08-18 22:09:00+00:00,9.277966101694917,node_network_transmit_packets_total,node-exporter-02.u-cloudsolutions.xyz
2025-08-18 22:10:00+00:00,9.27457627118644,node_network_transmit_packets_total,node-exporter-02.u-cloudsolutions.xyz
2025-08-18 22:11:00+00:00,9.28135593220339,node_network_transmit_packets_total,node-exporter-02.u-cloudsolutions.xyz
2025-08-18 22:12:00+00:00,9.284745762711864,node_network_transmit_packets_total,node-exporter-02.u-cloudsolutions.xyz
2025-08-18 22:13:00+00:00,9.28813559322034,node_network_transmit_packets_total,node-exporter-02.u-cloudsolutions.xyz
2025-08-18 22:14:00+00:00,9.291525423728814,node_network_transmit_packets_total,node-exporter-02.u-cloudsolutions.xyz
2025-08-18 22:15:00+00:00,9.298305084745762,node_network_transmit_packets_total,node-exporter-02.u-cloudsolutions.xyz
2025-08-18 22:16:00+00:00,9.291525423728814,node_network_transmit_packets_total,node-exporter-02.u-cloudsolutions.xyz
2025-08-18 22:17:00+00:00,9.31186440677966,node_network_transmit_packets_total,node-exporter-02.u-cloudsolutions.xyz
2025-08-18 22:18:00+00:00,9.31186440677966,node_network_transmit_packets_total,node-exporter-02.u-cloudsolutions.xyz
2025-08-18 22:19:00+00:00,9.31186440677966,node_network_transmit_packets_total,node-exporter-02.u-cloudsolutions.xyz
2025-08-18 22:20:00+00:00,9.31186440677966,node_network_transmit_packets_total,node-exporter-02.u-cloudsolutions.xyz
2025-08-18 22:21:00+00:00,9.31186440677966,node_network_transmit_packets_total,node-exporter-02.u-cloudsolutions.xyz
2025-08-18 22:22:00+00:00,9.396610169491526,node_network_transmit_packets_total,node-exporter-02.u-cloudsolutions.xyz
2025-08-18 22:23:00+00:00,9.4,node_network_transmit_packets_total,node-exporter-02.u-cloudsolutions.xyz
2025-08-18 22:24:00+00:00,9.396610169491526,node_network_transmit_packets_total,node-exporter-02.u-cloudsolutions.xyz
2025-08-18 22:25:00+00:00,9.4,node_network_transmit_packets_total,node-exporter-02.u-cloudsolutions.xyz
2025-08-18 22:26:00+00:00,9.406779661016948,node_network_transmit_packets_total,node-exporter-02.u-cloudsolutions.xyz
2025-08-18 22:27:00+00:00,9.31186440677966,node_network_transmit_packets_total,node-exporter-02.u-cloudsolutions.xyz
2025-08-18 22:28:00+00:00,9.308474576271186,node_network_transmit_packets_total,node-exporter-02.u-cloudsolutions.xyz
2025-08-18 22:29:00+00:00,9.315254237288135,node_network_transmit_packets_total,node-exporter-02.u-cloudsolutions.xyz
2025-08-18 22:30:00+00:00,9.315254237288135,node_network_transmit_packets_total,node-exporter-02.u-cloudsolutions.xyz
2025-08-18 22:31:00+00:00,9.31186440677966,node_network_transmit_packets_total,node-exporter-02.u-cloudsolutions.xyz
2025-08-18 22:32:00+00:00,9.31186440677966,node_network_transmit_packets_total,node-exporter-02.u-cloudsolutions.xyz
2025-08-18 22:33:00+00:00,9.315254237288135,node_network_transmit_packets_total,node-exporter-02.u-cloudsolutions.xyz
2025-08-18 22:34:00+00:00,9.305084745762713,node_network_transmit_packets_total,node-exporter-02.u-cloudsolutions.xyz
2025-08-18 22:35:00+00:00,9.298305084745762,node_network_transmit_packets_total,node-exporter-02.u-cloudsolutions.xyz
2025-08-18 22:36:00+00:00,9.291525423728814,node_network_transmit_packets_total,node-exporter-02.u-cloudsolutions.xyz
2025-08-18 22:37:00+00:00,9.284745762711864,node_network_transmit_packets_total,node-exporter-02.u-cloudsolutions.xyz
2025-08-18 22:38:00+00:00,9.28813559322034,node_network_transmit_packets_total,node-exporter-02.u-cloudsolutions.xyz
2025-08-18 22:39:00+00:00,9.291525423728814,node_network_transmit_packets_total,node-exporter-02.u-cloudsolutions.xyz
2025-08-18 22:40:00+00:00,9.39322033898305,node_network_transmit_packets_total,node-exporter-02.u-cloudsolutions.xyz
2025-08-18 22:41:00+00:00,9.39322033898305,node_network_transmit_packets_total,node-exporter-02.u-cloudsolutions.xyz
2025-08-18 22:42:00+00:00,9.39322033898305,node_network_transmit_packets_total,node-exporter-02.u-cloudsolutions.xyz
2025-08-18 22:43:00+00:00,9.39322033898305,node_network_transmit_packets_total,node-exporter-02.u-cloudsolutions.xyz
2025-08-18 22:44:00+00:00,9.39322033898305,node_network_transmit_packets_total,node-exporter-02.u-cloudsolutions.xyz
2025-08-18 22:45:00+00:00,9.291525423728814,node_network_transmit_packets_total,node-exporter-02.u-cloudsolutions.xyz
2025-08-18 22:46:00+00:00,9.291525423728814,node_network_transmit_packets_total,node-exporter-02.u-cloudsolutions.xyz
2025-08-18 22:47:00+00:00,9.291525423728814,node_network_transmit_packets_total,node-exporter-02.u-cloudsolutions.xyz
2025-08-18 22:48:00+00:00,9.291525423728814,node_network_transmit_packets_total,node-exporter-02.u-cloudsolutions.xyz
2025-08-18 22:49:00+00:00,9.28813559322034,node_network_transmit_packets_total,node-exporter-02.u-cloudsolutions.xyz
2025-08-18 22:50:00+00:00,9.284745762711864,node_network_transmit_packets_total,node-exporter-02.u-cloudsolutions.xyz
2025-08-18 22:51:00+00:00,9.28135593220339,node_network_transmit_packets_total,node-exporter-02.u-cloudsolutions.xyz
2025-08-18 22:52:00+00:00,9.28135593220339,node_network_transmit_packets_total,node-exporter-02.u-cloudsolutions.xyz
2025-08-18 22:53:00+00:00,9.28135593220339,node_network_transmit_packets_total,node-exporter-02.u-cloudsolutions.xyz
2025-08-18 22:54:00+00:00,9.28135593220339,node_network_transmit_packets_total,node-exporter-02.u-cloudsolutions.xyz
2025-08-18 22:55:00+00:00,9.284745762711864,node_network_transmit_packets_total,node-exporter-02.u-cloudsolutions.xyz
2025-08-18 22:56:00+00:00,9.28813559322034,node_network_transmit_packets_total,node-exporter-02.u-cloudsolutions.xyz
2025-08-18 22:57:00+00:00,9.28813559322034,node_network_transmit_packets_total,node-exporter-02.u-cloudsolutions.xyz
2025-08-18 22:58:00+00:00,9.28813559322034,node_network_transmit_packets_total,node-exporter-02.u-cloudsolutions.xyz
2025-08-18 22:59:00+00:00,9.298305084745762,node_network_transmit_packets_total,node-exporter-02.u-cloudsolutions.xyz
2025-08-18 23:00:00+00:00,9.305084745762713,node_network_transmit_packets_total,node-exporter-02.u-cloudsolutions.xyz
2025-08-18 23:01:00+00:00,9.305084745762713,node_network_transmit_packets_total,node-exporter-02.u-cloudsolutions.xyz
2025-08-18 23:02:00+00:00,9.413559322033898,node_network_transmit_packets_total,node-exporter-02.u-cloudsolutions.xyz
2025-08-18 23:03:00+00:00,9.522033898305084,node_network_transmit_packets_total,node-exporter-02.u-cloudsolutions.xyz
2025-08-18 23:04:00+00:00,9.51864406779661,node_network_transmit_packets_total,node-exporter-02.u-cloudsolutions.xyz
2025-08-18 23:05:00+00:00,9.515254237288136,node_network_transmit_packets_total,node-exporter-02.u-cloudsolutions.xyz
2025-08-18 23:06:00+00:00,9.511864406779662,node_network_transmit_packets_total,node-exporter-02.u-cloudsolutions.xyz
2025-08-18 23:07:00+00:00,9.406779661016948,node_network_transmit_packets_total,node-exporter-02.u-cloudsolutions.xyz
2025-08-18 23:08:00+00:00,9.301694915254236,node_network_transmit_packets_total,node-exporter-02.u-cloudsolutions.xyz
2025-08-18 23:09:00+00:00,9.308474576271186,node_network_transmit_packets_total,node-exporter-02.u-cloudsolutions.xyz
2025-08-18 23:10:00+00:00,9.315254237288135,node_network_transmit_packets_total,node-exporter-02.u-cloudsolutions.xyz
2025-08-18 23:11:00+00:00,9.335593220338982,node_network_transmit_packets_total,node-exporter-02.u-cloudsolutions.xyz
2025-08-18 23:12:00+00:00,9.342372881355931,node_network_transmit_packets_total,node-exporter-02.u-cloudsolutions.xyz
2025-08-18 23:13:00+00:00,9.34915254237288,node_network_transmit_packets_total,node-exporter-02.u-cloudsolutions.xyz
2025-08-18 23:14:00+00:00,9.342372881355931,node_network_transmit_packets_total,node-exporter-02.u-cloudsolutions.xyz
2025-08-18 23:15:00+00:00,9.32542372881356,node_network_transmit_packets_total,node-exporter-02.u-cloudsolutions.xyz
2025-08-18 23:16:00+00:00,9.305084745762713,node_network_transmit_packets_total,node-exporter-02.u-cloudsolutions.xyz
2025-08-18 23:17:00+00:00,9.305084745762713,node_network_transmit_packets_total,node-exporter-02.u-cloudsolutions.xyz
2025-08-18 23:18:00+00:00,9.294915254237289,node_network_transmit_packets_total,node-exporter-02.u-cloudsolutions.xyz
2025-08-18 23:19:00+00:00,9.294915254237289,node_network_transmit_packets_total,node-exporter-02.u-cloudsolutions.xyz
2025-08-18 23:20:00+00:00,9.298305084745762,node_network_transmit_packets_total,node-exporter-02.u-cloudsolutions.xyz
2025-08-18 23:21:00+00:00,9.301694915254236,node_network_transmit_packets_total,node-exporter-02.u-cloudsolutions.xyz
2025-08-18 23:22:00+00:00,9.294915254237289,node_network_transmit_packets_total,node-exporter-02.u-cloudsolutions.xyz
2025-08-18 23:23:00+00:00,9.298305084745762,node_network_transmit_packets_total,node-exporter-02.u-cloudsolutions.xyz
2025-08-18 23:24:00+00:00,9.298305084745762,node_network_transmit_packets_total,node-exporter-02.u-cloudsolutions.xyz
2025-08-18 23:25:00+00:00,9.301694915254236,node_network_transmit_packets_total,node-exporter-02.u-cloudsolutions.xyz
2025-08-18 23:26:00+00:00,9.301694915254236,node_network_transmit_packets_total,node-exporter-02.u-cloudsolutions.xyz
2025-08-18 23:27:00+00:00,9.305084745762713,node_network_transmit_packets_total,node-exporter-02.u-cloudsolutions.xyz
2025-08-18 23:28:00+00:00,9.305084745762713,node_network_transmit_packets_total,node-exporter-02.u-cloudsolutions.xyz
2025-08-18 23:29:00+00:00,9.305084745762713,node_network_transmit_packets_total,node-exporter-02.u-cloudsolutions.xyz
2025-08-18 23:30:00+00:00,9.301694915254236,node_network_transmit_packets_total,node-exporter-02.u-cloudsolutions.xyz
2025-08-18 23:31:00+00:00,9.301694915254236,node_network_transmit_packets_total,node-exporter-02.u-cloudsolutions.xyz
2025-08-18 23:32:00+00:00,9.298305084745762,node_network_transmit_packets_total,node-exporter-02.u-cloudsolutions.xyz
2025-08-18 23:33:00+00:00,9.294915254237289,node_network_transmit_packets_total,node-exporter-02.u-cloudsolutions.xyz
2025-08-18 23:34:00+00:00,9.308474576271186,node_network_transmit_packets_total,node-exporter-02.u-cloudsolutions.xyz
2025-08-18 23:35:00+00:00,9.294915254237289,node_network_transmit_packets_total,node-exporter-02.u-cloudsolutions.xyz
2025-08-18 23:36:00+00:00,9.28813559322034,node_network_transmit_packets_total,node-exporter-02.u-cloudsolutions.xyz
2025-08-18 23:37:00+00:00,9.28135593220339,node_network_transmit_packets_total,node-exporter-02.u-cloudsolutions.xyz
2025-08-18 23:38:00+00:00,9.27457627118644,node_network_transmit_packets_total,node-exporter-02.u-cloudsolutions.xyz
2025-08-18 23:39:00+00:00,9.27457627118644,node_network_transmit_packets_total,node-exporter-02.u-cloudsolutions.xyz
2025-08-18 23:40:00+00:00,9.26779661016949,node_network_transmit_packets_total,node-exporter-02.u-cloudsolutions.xyz
2025-08-18 23:41:00+00:00,9.27457627118644,node_network_transmit_packets_total,node-exporter-02.u-cloudsolutions.xyz
2025-08-18 23:42:00+00:00,9.27457627118644,node_network_transmit_packets_total,node-exporter-02.u-cloudsolutions.xyz
2025-08-18 23:43:00+00:00,9.264406779661016,node_network_transmit_packets_total,node-exporter-02.u-cloudsolutions.xyz
2025-08-18 23:44:00+00:00,9.261016949152545,node_network_transmit_packets_total,node-exporter-02.u-cloudsolutions.xyz
2025-08-18 23:45:00+00:00,9.264406779661016,node_network_transmit_packets_total,node-exporter-02.u-cloudsolutions.xyz
2025-08-18 23:46:00+00:00,9.264406779661016,node_network_transmit_packets_total,node-exporter-02.u-cloudsolutions.xyz
2025-08-18 23:47:00+00:00,9.264406779661016,node_network_transmit_packets_total,node-exporter-02.u-cloudsolutions.xyz
2025-08-18 23:48:00+00:00,9.27457627118644,node_network_transmit_packets_total,node-exporter-02.u-cloudsolutions.xyz
2025-08-18 23:49:00+00:00,9.271186440677964,node_network_transmit_packets_total,node-exporter-02.u-cloudsolutions.xyz
2025-08-18 23:50:00+00:00,9.277966101694917,node_network_transmit_packets_total,node-exporter-02.u-cloudsolutions.xyz
2025-08-18 23:51:00+00:00,9.28135593220339,node_network_transmit_packets_total,node-exporter-02.u-cloudsolutions.xyz
2025-08-18 23:52:00+00:00,9.28813559322034,node_network_transmit_packets_total,node-exporter-02.u-cloudsolutions.xyz
2025-08-18 23:53:00+00:00,9.301694915254236,node_network_transmit_packets_total,node-exporter-02.u-cloudsolutions.xyz
2025-08-18 23:54:00+00:00,9.308474576271186,node_network_transmit_packets_total,node-exporter-02.u-cloudsolutions.xyz
2025-08-18 23:55:00+00:00,9.305084745762713,node_network_transmit_packets_total,node-exporter-02.u-cloudsolutions.xyz
2025-08-18 23:56:00+00:00,9.308474576271186,node_network_transmit_packets_total,node-exporter-02.u-cloudsolutions.xyz
2025-08-18 23:57:00+00:00,9.301694915254236,node_network_transmit_packets_total,node-exporter-02.u-cloudsolutions.xyz
2025-08-18 23:58:00+00:00,9.298305084745762,node_network_transmit_packets_total,node-exporter-02.u-cloudsolutions.xyz
2025-08-18 23:59:00+00:00,9.298305084745762,node_network_transmit_packets_total,node-exporter-02.u-cloudsolutions.xyz
2025-08-19 00:00:00+00:00,9.298305084745762,node_network_transmit_packets_total,node-exporter-02.u-cloudsolutions.xyz
